,tmdbid,imdbid,tconst,averageRating,numVotes
0,2753,tt0090576,tt0090576,7.3,2823
1,245,tt0276751,tt0276751,7.1,158912
2,2755,tt0257360,tt0257360,7.2,116379
3,66,tt0118548,tt0118548,6.7,45519
4,31052,tt0094606,tt0094606,6.8,13738
5,23847,tt0068168,tt0068168,7.0,4239
6,15992,tt0267248,tt0267248,4.9,8703
7,11293,tt0070510,tt0070510,8.1,37334
8,40974,tt0382821,tt0382821,6.8,677
9,18456,tt0307923,tt0307923,6.1,329
10,106326,tt0065374,tt0065374,5.4,579
11,13495,tt0395119,tt0395119,6.1,11456
12,108668,tt0046683,tt0046683,6.1,394
13,243632,tt0011313,tt0011313,6.5,68
14,297722,tt0021981,tt0021981,6.3,61
15,59403,tt0031020,tt0031020,6.9,991
16,131316,tt0046684,tt0046684,5.2,45
17,43041,tt0053571,tt0053571,6.3,1200
18,75141,tt0071634,tt0071634,5.5,486
19,150414,tt0073130,tt0073130,5.4,142
20,127732,tt0081982,tt0081982,6.0,47
21,19947,tt0088678,tt0088678,7.5,2262
22,102936,tt0099087,tt0099087,6.5,119
23,34723,tt0106223,tt0106223,6.2,7133
24,45325,tt0112302,tt0112302,5.6,8859
25,10895,tt0032910,tt0032910,7.5,113314
26,489452,tt0050846,tt0050846,7.5,10
27,72211,tt0152066,tt0152066,7.4,547
28,213104,tt0186449,tt0186449,6.2,197
29,489453,tt0210907,tt0210907,7.6,15
30,250593,tt0287351,tt0287351,7.1,118
31,20899,tt0073570,tt0073570,7.7,1396
32,131098,tt0207653,tt0207653,6.1,158
33,39045,tt0093743,tt0093743,6.8,460
34,50162,tt0225009,tt0225009,5.5,1373
35,134434,tt0818692,tt0818692,6.1,107
36,30926,tt0117342,tt0117342,4.1,1827
37,18975,tt0115472,tt0115472,5.3,4719
38,30809,tt0200656,tt0200656,5.6,634
39,644,tt0212720,tt0212720,7.1,271339
40,30491,tt0311618,tt0311618,6.6,407
41,10599,tt0255477,tt0255477,4.3,7162
42,23056,tt0332318,tt0332318,4.0,1026
43,33821,tt1130992,tt1130992,5.8,344
44,17481,tt0031022,tt0031022,7.5,5604
45,74609,tt0008687,tt0008687,6.3,123
46,166307,tt0021483,tt0021483,6.4,139
47,30977,tt0029844,tt0029844,7.3,1516
48,120747,tt0036582,tt0036582,7.2,896
49,42473,tt0070814,tt0070814,6.5,1815
50,42313,tt0224267,tt0224267,6.1,272
51,17185,tt0055728,tt0055728,7.8,5737
52,488,tt0043265,tt0043265,7.9,65713
53,25501,tt0098994,tt0098994,6.6,2904
54,6075,tt0106519,tt0106519,7.9,183341
55,751,tt0057334,tt0057334,7.3,4472
56,278294,tt0014651,tt0014651,6.4,26
57,110540,tt0024819,tt0024819,6.4,319
58,10436,tt0106226,tt0106226,7.2,43293
59,36815,tt0058886,tt0058886,7.2,5795
60,32990,tt0343221,tt0343221,7.7,4003
61,84119,tt0054936,tt0054936,7.1,2131
62,11856,tt0099005,tt0099005,5.8,24848
63,10671,tt0065377,tt0065377,6.6,15646
64,7227,tt0075648,tt0075648,5.6,8506
65,43886,tt0026056,tt0026056,7.0,3334
66,86240,tt0055738,tt0055738,6.9,1497
67,536671,tt0013824,tt0013824,6.8,17
68,142159,tt0018618,tt0018618,7.2,876
69,91419,tt0045494,tt0045494,6.3,759
70,25430,tt0041113,tt0041113,7.5,11733
71,1717,tt0405676,tt0405676,6.2,22521
72,21355,tt0149624,tt0149624,5.8,12328
73,13523,tt1135985,tt1135985,6.5,79165
74,137113,tt1631867,tt1631867,7.9,536169
75,86815,tt1532530,tt1532530,6.4,479
76,2043,tt0164334,tt0164334,6.3,67721
77,11542,tt0080360,tt0080360,6.9,28791
78,26622,tt0146425,tt0146425,7.3,1834
79,131861,tt0060099,tt0060099,5.3,278
80,214939,tt0402763,tt0402763,5.1,152
81,1359,tt0144084,tt0144084,7.6,422445
82,2771,tt0305206,tt0305206,7.5,45216
83,25673,tt0043924,tt0043924,7.8,17775
84,42791,tt0057840,tt0057840,7.4,4335
85,117479,tt0087566,tt0087566,7.0,443
86,47715,tt0093267,tt0093267,7.0,2082
87,25901,tt0109101,tt0109101,6.1,195
88,11449,tt0078767,tt0078767,6.2,31934
89,10065,tt0384806,tt0384806,6.0,98040
90,184267,tt0013802,tt0013802,6.9,345
91,25799,tt0414713,tt0414713,7.4,777
92,93,tt0052561,tt0052561,8.0,53206
93,130411,tt0036599,tt0036599,7.1,280
94,4886,tt0037515,tt0037515,7.6,11145
95,82243,tt0247394,tt0247394,7.2,1077
96,4879,tt0061075,tt0061075,6.7,3674
97,297834,tt1014692,tt1014692,8.3,31
98,103761,tt0098454,tt0098454,4.7,711
99,2832,tt0309698,tt0309698,7.3,206695
100,30941,tt0066767,tt0066767,6.4,5993
101,10514,tt0066769,tt0066769,7.2,29889
102,11801,tt0783767,tt0783767,5.9,4908
103,13448,tt0808151,tt0808151,6.7,248761
104,106017,tt0052563,tt0052563,5.8,793
105,42470,tt0069946,tt0069946,6.1,2359
106,11848,tt0047834,tt0047834,7.2,13095
107,815,tt0204824,tt0204824,6.0,5326
108,43471,tt0038303,tt0038303,7.1,1977
109,16520,tt0049408,tt0049408,7.5,21841
110,47288,tt0160429,tt0160429,4.2,3428
111,1439,tt0166485,tt0166485,6.7,33887
112,415439,tt0003625,tt0003625,5.5,13
114,70881,tt0026071,tt0026071,7.1,4480
115,32066,tt0040098,tt0040098,6.7,2231
116,147009,tt0061359,tt0061359,7.1,762
117,220343,tt0088726,tt0088726,6.2,270
118,50512,tt0118623,tt0118623,6.4,5130
119,96724,tt1781769,tt1781769,6.6,83576
120,110739,tt0085169,tt0085169,6.6,374
121,148100,tt0009879,tt0009879,7.0,53
122,43901,tt0024831,tt0024831,7.1,936
123,115112,tt0032211,tt0032211,6.5,121
124,17663,tt0088727,tt0088727,8.4,17531
125,570811,tt0158466,tt0158466,6.9,3817
126,25290,tt0086902,tt0086902,5.7,843
127,44869,tt0037494,tt0037494,6.2,800
128,37658,tt0027300,tt0027300,6.5,1423
129,41955,tt0325005,tt0325005,5.6,1407
130,37187,tt0083567,tt0083567,5.8,262
131,1403,tt0060355,tt0060355,6.7,2500
132,218212,tt0040104,tt0040104,7.4,805
133,30832,tt0120027,tt0120027,4.6,251
134,18660,tt0072653,tt0072653,6.4,4280
135,22328,tt0078790,tt0078790,6.0,2034
136,4281,tt0094669,tt0094669,6.2,3183
137,140429,tt0043293,tt0043293,6.2,197
138,42451,tt0071155,tt0071155,6.9,1697
139,248001,tt0032290,tt0032290,7.2,693
140,3786,tt0077278,tt0077278,6.6,4299
141,192510,tt0031617,tt0031617,5.3,47
142,84298,tt0021622,tt0021622,6.2,1321
143,1093,tt0051378,tt0051378,8.0,17863
144,1967,tt0384814,tt0384814,5.8,8766
145,6961,tt0372532,tt0372532,6.1,44466
146,16958,tt0042208,tt0042208,7.9,21212
147,69526,tt0064045,tt0064045,6.8,1966
148,4512,tt0443680,tt0443680,7.5,155250
149,52726,tt0049259,tt0049259,7.5,965
150,174203,tt0003637,tt0003637,6.6,341
151,195394,tt0039163,tt0039163,7.0,49
152,124969,tt0886453,tt0886453,5.3,15
153,17938,tt0053250,tt0053250,4.3,2284
154,24461,tt0348505,tt0348505,6.1,4580
155,51515,tt0101373,tt0101373,6.8,2876
156,26398,tt0074157,tt0074157,5.2,3693
157,88751,tt0373051,tt0373051,5.8,102839
158,16929,tt1156454,tt1156454,4.2,1479
159,45361,tt1231575,tt1231575,2.9,700
160,179835,tt0002646,tt0002646,6.7,288
161,4347,tt0783233,tt0783233,7.8,225179
162,49126,tt0075704,tt0075704,5.8,4936
163,16347,tt0051383,tt0051383,8.0,9331
164,50479,tt1614950,tt1614950,5.9,4759
165,73462,tt0088758,tt0088758,5.5,993
166,80775,tt0048971,tt0048971,6.3,1085
167,22279,tt0112427,tt0112427,6.0,2384
168,26768,tt0062693,tt0062693,5.8,369
169,9381,tt0364970,tt0364970,5.6,89028
170,109197,tt0022651,tt0022651,7.1,460
171,109016,tt0033365,tt0033365,6.9,466
172,43017,tt0054653,tt0054653,6.8,799
173,125301,tt0387851,tt0387851,6.4,218
174,34944,tt0035659,tt0035659,6.5,905
175,84299,tt0021635,tt0021635,6.6,902
176,42196,tt0048977,tt0048977,7.5,11377
177,123075,tt0088766,tt0088766,5.7,372
178,3134,tt0249380,tt0249380,4.5,15842
179,252914,tt0069763,tt0069763,6.4,84
180,11694,tt0059017,tt0059017,6.9,12085
181,42407,tt0061678,tt0061678,7.0,1873
182,144299,tt0057463,tt0057463,6.6,809
183,2111,tt0291032,tt0291032,7.2,4088
184,37311,tt0050166,tt0050166,6.6,1849
185,64867,tt0053352,tt0053352,7.4,712
186,269253,tt0043319,tt0043319,6.3,68
187,9994,tt0091149,tt0091149,7.2,39621
188,41240,tt0115633,tt0115633,7.4,3834
189,51426,tt0047860,tt0047860,6.6,1891
190,236570,tt0058949,tt0058949,6.0,216
191,3176,tt0266308,tt0266308,7.7,157582
192,3177,tt0338763,tt0338763,4.7,18262
193,5491,tt0185183,tt0185183,2.5,71948
194,4551,tt0377471,tt0377471,5.7,64208
195,33364,tt0059573,tt0059573,8.0,6403
196,29846,tt0040071,tt0040071,7.0,613
197,1907,tt0163978,tt0163978,6.6,205315
198,15592,tt0094715,tt0094715,6.9,20983
199,16441,tt0083630,tt0083630,6.2,18052
200,27549,tt0101412,tt0101412,3.9,2647
201,36291,tt0112469,tt0112469,4.0,1072
202,40219,tt0083629,tt0083629,5.5,2916
203,22733,tt0046414,tt0046414,6.6,7257
204,189621,tt0016634,tt0016634,7.1,306
205,48755,tt0021646,tt0021646,7.5,1291
206,36851,tt0031088,tt0031088,7.8,4907
207,250477,tt0060155,tt0060155,6.1,438
208,55628,tt0076297,tt0076297,6.1,1978
209,109491,tt1559547,tt1559547,6.2,78954
210,39455,tt0038342,tt0038342,6.9,121
211,24618,tt0387059,tt0387059,5.5,6405
212,17687,tt0022286,tt0022286,7.7,15789
213,11462,tt0034248,tt0034248,7.4,28499
214,47571,tt0019684,tt0019684,4.9,343
215,10322,tt0078841,tt0078841,8.0,59664
216,263528,tt0031092,tt0031092,7.2,93
217,118536,tt0039735,tt0039735,6.8,589
218,86467,tt1440732,tt1440732,5.4,16915
219,306438,tt0231246,tt0231246,8.1,17
220,146465,tt0092636,tt0092636,6.9,239
221,2047,tt0107927,tt0107927,5.5,7599
222,39437,tt0120603,tt0120603,5.9,6639
223,113260,tt0000582,tt0000582,5.2,534
224,665,tt0052618,tt0052618,8.1,198325
225,64609,tt0363468,tt0363468,7.0,803
226,44530,tt0035360,tt0035360,7.2,1249
227,245222,tt0046457,tt0046457,6.3,318
228,12800,tt0302309,tt0302309,5.4,342
229,2310,tt0442933,tt0442933,6.2,153985
230,45560,tt0080196,tt0080196,8.7,3520
231,29415,tt0029957,tt0029957,7.7,5937
232,21564,tt0047101,tt0047101,7.2,3276
233,58628,tt0077228,tt0077228,5.0,1297
234,35896,tt0041172,tt0041172,7.2,1918
235,129163,tt0052623,tt0052623,6.5,132
236,15433,tt0096866,tt0096866,6.7,6030
237,267935,tt3691740,tt3691740,6.4,67858
238,81699,tt0049007,tt0049007,6.4,1476
239,16633,tt0081534,tt0081534,7.3,24103
240,110528,tt0064087,tt0064087,5.4,322
241,12634,tt0315824,tt0315824,4.9,16964
242,19974,tt0040160,tt0040160,7.7,6758
243,10083,tt0093640,tt0093640,7.1,31395
244,587,tt0319061,tt0319061,8.0,386066
245,193733,tt0052627,tt0052627,5.8,293
246,14580,tt0045555,tt0045555,8.0,20146
247,61871,tt0055793,tt0055793,6.5,602
248,910,tt0038355,tt0038355,8.0,72675
249,1815,tt0077234,tt0077234,5.9,3620
250,2185,tt0246464,tt0246464,6.5,18938
251,30580,tt0093284,tt0093284,6.8,397
252,4889,tt0061405,tt0061405,6.1,4144
253,12647,tt0101453,tt0101453,5.9,10617
254,26535,tt0056868,tt0056868,7.4,5032
255,11296,tt0086969,tt0086969,7.3,19460
256,19490,tt0039190,tt0039190,7.6,12321
257,33319,tt0049012,tt0049012,8.1,4832
258,385221,tt0088810,tt0088810,6.6,138
259,50672,tt0078867,tt0078867,3.1,830
260,10497,tt0104779,tt0104779,7.2,30839
261,34187,tt0023814,tt0023814,7.1,3032
262,28438,tt0036104,tt0036104,6.9,3965
263,20298,tt0038360,tt0038360,7.0,2250
264,315357,tt0088813,tt0088813,7.4,498
265,149612,tt0254189,tt0254189,6.4,34
266,580237,tt0011973,tt0011973,6.1,8
268,254138,tt0038361,tt0038361,5.8,183
269,28356,tt0066834,tt0066834,5.4,872
270,472260,tt0343429,tt0343429,6.4,104
271,14522,tt0109279,tt0109279,6.6,8381
272,83300,tt1119129,tt1119129,6.7,123
273,42061,tt0035388,tt0035388,6.5,267
274,9676,tt0387877,tt0387877,5.6,67866
275,16391,tt0039192,tt0039192,8.0,18736
276,29100,tt0038409,tt0038409,6.6,1263
277,44398,tt0042256,tt0042256,6.4,1576
278,17264,tt0078872,tt0078872,7.4,10432
279,24883,tt0085248,tt0085248,5.9,1808
280,50374,tt0075765,tt0075765,6.8,5977
281,26516,tt0047885,tt0047885,7.4,7301
282,16249,tt0062737,tt0062737,6.8,4480
283,28007,tt0041786,tt0041786,7.2,3523
284,24936,tt0250323,tt0250323,6.6,10488
285,242538,tt0039196,tt0039196,6.7,106
286,94225,tt0068286,tt0068286,6.8,1152
287,166672,tt0052706,tt0052706,4.9,200
288,37292,tt0042286,tt0042286,7.2,6631
289,29966,tt0040175,tt0040175,6.9,1739
290,31701,tt0092783,tt0092783,6.4,3834
291,9573,tt0309377,tt0309377,6.4,38991
292,90572,tt0077249,tt0077249,6.1,178
293,505759,tt0210575,tt0210575,5.1,19
294,228074,tt0041190,tt0041190,6.6,401
295,5689,tt0080453,tt0080453,5.7,57518
296,7550,tt0321473,tt0321473,5.6,803
297,28308,tt0201485,tt0201485,5.4,6982
298,11549,tt0049366,tt0049366,7.8,40044
299,11850,tt0077745,tt0077745,7.4,45448
300,4722,tt0106452,tt0106452,5.9,15154
301,4858,tt0427392,tt0427392,5.9,70726
302,76666,tt1027698,tt1027698,2.8,644
303,244540,tt0457805,tt0457805,7.2,578
304,9586,tt0099165,tt0099165,5.5,19983
305,1937,tt0051429,tt0051429,6.9,3855
306,46956,tt0331906,tt0331906,6.0,137
307,55819,tt0085398,tt0085398,6.7,998
308,14674,tt0051899,tt0051899,7.2,5733
309,26323,tt0026129,tt0026129,7.2,1274
310,110227,tt0069817,tt0069817,5.8,247
311,9449,tt0118755,tt0118755,5.8,18484
312,40775,tt0086992,tt0086992,6.4,1621
313,2501,tt0258463,tt0258463,7.9,469073
314,2502,tt0372183,tt0372183,7.8,402315
315,2503,tt0440963,tt0440963,8.0,575211
316,49040,tt1194173,tt1194173,6.7,265295
317,14574,tt0914798,tt0914798,7.8,166356
318,37596,tt0050208,tt0050208,6.2,1190
319,16241,tt0077269,tt0077269,7.0,23248
320,61564,tt0051433,tt0051433,7.0,4045
321,86258,tt0043359,tt0043359,6.4,132
322,19933,tt0092695,tt0092695,7.3,21993
323,20377,tt0147926,tt0147926,5.8,1200
324,38699,tt0080468,tt0080468,6.8,728
325,27260,tt0145600,tt0145600,5.3,1749
326,12479,tt0120618,tt0120618,4.6,7308
327,1420,tt0411195,tt0411195,7.3,19457
328,16240,tt0910847,tt0910847,6.8,2784
329,8043,tt0072735,tt0072735,6.8,5664
330,132074,tt0065003,tt0065003,6.3,154
331,12568,tt0412536,tt0412536,6.7,11342
332,173582,tt0019722,tt0019722,6.9,39
333,151386,tt0036672,tt0036672,5.7,153
334,45881,tt0356443,tt0356443,5.1,3164
335,169009,tt0088853,tt0088853,6.1,545
336,1265,tt0398808,tt0398808,7.2,129482
337,688,tt0112579,tt0112579,7.6,64389
338,634,tt0243155,tt0243155,6.7,203224
339,9801,tt0317198,tt0317198,6.0,94190
340,17170,tt0094799,tt0094799,5.7,6617
341,13385,tt0039220,tt0039220,7.4,4649
342,62728,tt1233192,tt1233192,5.8,5721
343,8649,tt0163988,tt0163988,6.8,58313
344,6007,tt0279064,tt0279064,7.6,13350
345,12076,tt0472767,tt0472767,6.3,1196
346,36093,tt0291003,tt0291003,7.7,6287
347,171164,tt0050214,tt0050214,6.8,259
348,43138,tt0051435,tt0051435,6.8,2243
349,64166,tt0171135,tt0171135,5.9,857
350,207681,tt0059453,tt0059453,6.2,962
351,108001,tt0111903,tt0111903,6.7,721
352,349456,tt0101520,tt0101520,6.2,192
353,38921,tt0092710,tt0092710,5.1,3743
354,89059,tt0016804,tt0016804,7.1,674
355,89079,tt0049036,tt0049036,5.9,561
356,33796,tt0100196,tt0100196,7.3,3119
357,29510,tt0061431,tt0061431,5.7,255
358,23724,tt0053622,tt0053622,6.4,5084
359,20237,tt0061333,tt0061333,6.7,568
360,10178,tt0046816,tt0046816,7.8,22353
361,132961,tt0094826,tt0094826,7.0,441
362,42084,tt0087019,tt0087019,6.7,1246
363,14755,tt0061556,tt0061556,6.8,2519
364,4461,tt0043459,tt0043459,7.3,2057
365,42759,tt0069197,tt0069197,5.9,1323
366,56217,tt0118811,tt0118811,6.5,726
367,27906,tt1192620,tt1192620,5.4,620
368,4441,tt0424880,tt0424880,7.3,40318
369,37309,tt0038395,tt0038395,7.0,1693
370,327306,tt0014759,tt0014759,6.2,38
371,16905,tt0026174,tt0026174,7.8,11567
372,86345,tt0042474,tt0042474,5.8,253
373,42583,tt0044475,tt0044475,6.3,211
374,93794,tt0054875,tt0054875,5.3,100
375,43253,tt0051047,tt0051047,7.3,3790
376,14136,tt0064603,tt0064603,6.5,12489
377,10869,tt0071607,tt0071607,5.6,6528
378,12129,tt0080861,tt0080861,4.9,4611
379,32643,tt0119571,tt0119571,5.3,1225
380,43369,tt0045056,tt0045056,7.2,1022
381,42104,tt0085295,tt0085295,7.1,631
382,12261,tt0427038,tt0427038,5.0,4150
383,42792,tt0057917,tt0057917,6.5,1762
384,2259,tt0107151,tt0107151,6.9,19186
385,72449,tt0068337,tt0068337,6.2,1141
386,43030,tt0052680,tt0052680,6.5,994
387,12208,tt0061452,tt0061452,5.2,24759
388,36557,tt0381061,tt0381061,8.0,532575
389,197962,tt0063563,tt0063563,6.9,213
390,104376,tt0111817,tt0111817,7.0,449
391,35888,tt0097028,tt0097028,5.3,1022
392,279598,tt0997248,tt0997248,7.1,125
393,10364,tt0065528,tt0065528,7.2,19355
394,75130,tt0066900,tt0066900,5.6,893
395,25208,tt0182000,tt0182000,5.9,6022
396,10988,tt0116095,tt0116095,5.4,12335
397,14832,tt0106535,tt0106535,7.2,4095
398,1540,tt0381690,tt0381690,6.4,2581
399,6346,tt0115862,tt0115862,6.0,11714
400,154200,tt0299956,tt0299956,6.3,425
401,36054,tt0018756,tt0018756,5.7,1723
402,47293,tt0475263,tt0475263,5.6,380
403,252,tt0067992,tt0067992,7.8,157638
404,118,tt0367594,tt0367594,6.7,382695
405,485995,tt0021733,tt0021733,7.6,457
406,38456,tt0032326,tt0032326,7.6,1074
407,151687,tt0078956,tt0078956,7.1,185
408,12660,tt0245046,tt0245046,6.4,9975
409,15171,tt0070016,tt0070016,6.9,15259
410,21250,tt0355315,tt0355315,4.5,548
411,9986,tt0413895,tt0413895,6.3,32946
412,32140,tt0069291,tt0069291,6.5,1172
413,32293,tt0338852,tt0338852,4.9,6238
414,27621,tt1013542,tt1013542,4.8,3537
415,71701,tt0056576,tt0056576,6.8,2521
416,9693,tt0206634,tt0206634,7.9,423753
417,277167,tt0077326,tt0077326,7.2,518
418,71282,tt0026205,tt0026205,7.0,2022
420,392,tt0241303,tt0241303,7.3,166732
421,32086,tt0094869,tt0094869,6.9,1869
422,8769,tt0085333,tt0085333,6.7,61951
423,14612,tt0075807,tt0075807,6.8,3163
424,200836,tt0371226,tt0371226,6.8,292
425,26530,tt0036711,tt0036711,6.7,1048
426,30768,tt0330152,tt0330152,6.9,2142
427,57854,tt0756632,tt0756632,6.4,1022
428,51505,tt1384926,tt1384926,6.7,667
429,37581,tt0023891,tt0023891,6.4,1092
430,40611,tt0079474,tt0079474,7.1,1960
431,411,tt0363771,tt0363771,6.9,334798
432,2454,tt0499448,tt0499448,6.5,176107
433,10140,tt0980970,tt0980970,6.3,126970
434,10957,tt0088814,tt0088814,6.5,26832
435,1715,tt0124315,tt0124315,7.4,87355
436,42861,tt0021746,tt0021746,6.0,4670
437,46623,tt0053715,tt0053715,6.4,2327
438,886,tt0059037,tt0059037,7.3,13497
439,84847,tt0069883,tt0069883,6.8,1718
440,253859,tt0054883,tt0054883,4.7,130
441,42996,tt0055988,tt0055988,5.8,1005
442,14241,tt0057812,tt0057812,7.3,4022
443,24418,tt0450405,tt0450405,5.9,39942
444,84090,tt0029995,tt0029995,7.2,1653
445,13600,tt0970411,tt0970411,6.5,59123
446,598,tt0317248,tt0317248,8.6,632878
447,13853,tt0090848,tt0090848,5.4,5665
448,618,tt0004972,tt0004972,6.6,20035
449,247,tt0049406,tt0049406,8.0,72287
450,9331,tt0109444,tt0109444,6.9,80253
451,10731,tt0109446,tt0109446,6.7,53705
452,20649,tt0112688,tt0112688,6.9,18725
453,85871,tt0059880,tt0059880,4.8,774
454,185,tt0066921,tt0066921,8.3,675566
455,622,tt0142688,tt0142688,6.7,152335
456,27658,tt0071338,tt0071338,7.2,1778
457,10328,tt0088933,tt0088933,6.7,51617
458,11285,tt0094890,tt0094890,5.3,13987
460,70134,tt0039271,tt0039271,6.3,64
461,41503,tt0047580,tt0047580,6.3,2703
462,95358,tt0058479,tt0058479,5.7,560
463,2289,tt0159365,tt0159365,7.2,130765
464,11873,tt0090863,tt0090863,7.0,66975
465,873,tt0088939,tt0088939,7.8,70517
466,239175,tt0053043,tt0053043,4.8,115
467,14801,tt0064177,tt0064177,7.2,7285
468,41925,tt0099292,tt0099292,6.4,3879
469,18183,tt0103994,tt0103994,7.2,15565
470,35921,tt0052700,tt0052700,7.5,5175
471,128891,tt0073911,tt0073911,7.2,267
472,297413,tt0009950,tt0009950,5.6,24
473,97115,tt0018791,tt0018791,8.0,51
474,133185,tt0024998,tt0024998,7.3,29
475,85677,tt0035751,tt0035751,6.9,1067
476,903,tt0061512,tt0061512,8.1,145919
477,282512,tt0002767,tt0002767,5.4,34
478,43691,tt0025004,tt0025004,7.5,2177
479,80086,tt0033076,tt0033076,6.3,594
480,174624,tt0043790,tt0043790,6.4,234
481,4528,tt0054761,tt0054761,6.5,350
482,253158,tt0055544,tt0055544,5.4,84
483,277952,tt0215023,tt0215023,6.8,102
485,11362,tt0245844,tt0245844,7.8,118553
486,86059,tt0061502,tt0061502,6.5,1633
487,10329,tt0112715,tt0112715,5.1,38717
488,308372,tt0012067,tt0012067,6.6,27
489,110781,tt0021759,tt0021759,6.7,258
490,36848,tt0041259,tt0041259,6.7,1986
491,440245,tt0321754,tt0321754,5.3,34
493,39328,tt0077365,tt0077365,6.9,210
494,101135,tt0097104,tt0097104,4.8,253
495,37108,tt0113538,tt0113538,4.8,5239
496,22162,tt0127624,tt0127624,5.3,558
497,24793,tt0176892,tt0176892,4.8,1904
498,11469,tt0265087,tt0265087,4.8,35029
499,1985,tt0387131,tt0387131,7.4,124130
500,686,tt0118884,tt0118884,7.4,232468
501,88359,tt0069919,tt0069919,6.3,619
502,473851,tt0270889,tt0270889,6.4,7
503,52168,tt0061518,tt0061518,6.4,67
504,60565,tt0040245,tt0040245,6.8,601
505,15573,tt0068421,tt0068421,7.4,11856
506,884,tt0115964,tt0115964,6.4,47294
507,41243,tt0088960,tt0088960,6.2,2767
508,32925,tt0487887,tt0487887,5.3,2319
509,35381,tt0218127,tt0218127,7.1,2471
510,146,tt0190332,tt0190332,7.9,237487
511,16914,tt0045659,tt0045659,7.6,3589
512,62720,tt0039288,tt0039288,6.6,1024
513,31593,tt0082220,tt0082220,6.9,4364
514,39829,tt0070700,tt0070700,7.1,3154
515,17898,tt0090021,tt0090021,6.4,20621
516,23030,tt0060121,tt0060121,6.5,5577
517,591,tt0382625,tt0382625,6.6,366693
518,21291,tt0097142,tt0097142,6.2,4161
519,11012,tt0104237,tt0104237,6.9,14582
520,21641,tt1226271,tt1226271,7.6,37650
521,20689,tt0118926,tt0118926,7.0,6051
522,581,tt0099348,tt0099348,8.0,217077
523,84844,tt0062859,tt0062859,6.2,593
524,16857,tt0238924,tt0238924,7.0,12643
525,447430,tt0012091,tt0012091,5.0,6
526,18887,tt0052722,tt0052722,7.2,6050
527,51876,tt1219289,tt1219289,7.4,485086
528,25553,tt0062863,tt0062863,6.9,2310
529,16227,tt0039302,tt0039302,7.6,15618
530,311625,tt0233527,tt0233527,5.9,16
531,357997,tt0336247,tt0336247,5.9,31
532,341656,tt0123032,tt0123032,6.5,11
533,43899,tt0026266,tt0026266,7.5,3369
534,131347,tt0065615,tt0065615,5.9,439
535,354957,tt0106547,tt0106547,6.5,153
536,524983,tt0167872,tt0167872,7.8,3740
537,4909,tt0069947,tt0069947,7.8,34055
538,238651,tt0237009,tt0237009,7.0,256
539,4824,tt0119395,tt0119395,6.4,98439
540,5122,tt0072848,tt0072848,7.1,4497
541,21143,tt0055894,tt0055894,6.1,6565
542,86225,tt0053752,tt0053752,6.7,648
543,42298,tt0033558,tt0033558,6.5,897
544,11336,tt0085407,tt0085407,7.2,53624
545,34650,tt0038458,tt0038458,6.8,1456
546,27018,tt0285006,tt0285006,6.8,734
547,22971,tt0989757,tt0989757,6.3,126252
548,259470,tt0039356,tt0039356,5.9,76
549,4192,tt0077413,tt0077413,7.3,24426
550,11835,tt0804461,tt0804461,6.8,65724
551,13939,tt0071402,tt0071402,7.0,31278
552,41968,tt0094979,tt0094979,6.1,857
553,4629,tt0465436,tt0465436,6.6,11263
554,20416,tt0075925,tt0075925,6.2,9879
555,30943,tt0120646,tt0120646,6.4,11859
556,163293,tt0023938,tt0023938,6.2,249
557,36627,tt0072021,tt0072021,7.8,1915
558,18775,tt0075931,tt0075931,6.3,7202
559,426,tt0052357,tt0052357,8.3,313477
560,8999,tt0398017,tt0398017,6.6,67562
561,27034,tt0039311,tt0039311,6.7,1045
564,205208,tt0027511,tt0027511,6.0,74
565,294,tt0089015,tt0089015,7.0,4211
566,18612,tt0047985,tt0047985,7.5,7857
567,31676,tt0099409,tt0099409,5.4,6263
568,43828,tt0031225,tt0031225,7.7,9025
569,42636,tt0062883,tt0062883,6.5,2535
570,350,tt0458352,tt0458352,6.9,333704
571,1813,tt0118971,tt0118971,7.5,297586
572,40244,tt0060307,tt0060307,5.9,2139
573,31767,tt0066993,tt0066993,7.9,11416
574,63764,tt0038476,tt0038476,7.3,616
575,35705,tt0090944,tt0090944,5.8,1196
576,45431,tt0143213,tt0143213,5.2,2271
578,199551,tt0073247,tt0073247,5.2,58
579,681,tt0066995,tt0066995,6.7,85182
580,37377,tt0059232,tt0059232,6.2,602
581,1654,tt0061578,tt0061578,7.8,60768
582,71829,tt0106727,tt0106727,5.3,537
583,45602,tt0243220,tt0243220,6.4,1439
584,8984,tt0109635,tt0109635,6.1,41806
585,42594,tt0064949,tt0064949,5.7,2816
586,266,tt0057345,tt0057345,7.7,24347
587,69472,tt0058019,tt0058019,6.5,734
588,9583,tt0279778,tt0279778,6.0,16899
589,9499,tt0306734,tt0306734,4.9,10525
590,78,tt0083658,tt0083658,8.2,616381
591,68242,tt0046921,tt0046921,6.7,1122
592,36372,tt0091164,tt0091164,5.4,2287
593,31507,tt0027532,tt0027532,8.1,7140
594,31941,tt0078490,tt0078490,6.8,2249
596,174505,tt0146643,tt0146643,6.2,79
597,84782,tt0050326,tt0050326,7.5,693
598,45793,tt0068909,tt0068909,6.6,3494
599,30828,tt0074139,tt0074139,4.0,49
600,539730,tt0821766,tt0821766,5.3,30
601,207937,tt0181212,tt0181212,6.2,1489
602,115725,tt0292466,tt0292466,6.0,187
603,67336,tt2027223,tt2027223,5.4,25
604,119168,tt0036999,tt0036999,5.6,232
605,43342,tt0045699,tt0045699,6.0,1262
606,146852,tt0056601,tt0056601,5.1,209
607,47866,tt0104321,tt0104321,6.7,3096
608,12103,tt0260866,tt0260866,6.3,45311
609,73067,tt0113107,tt0113107,6.7,801
610,996,tt0036775,tt0036775,8.3,124596
611,37484,tt0040457,tt0040457,7.0,296
612,158701,tt0191972,tt0191972,6.0,327
613,27273,tt0083951,tt0083951,7.8,4901
614,123665,tt0036777,tt0036777,6.2,991
615,22752,tt0034091,tt0034091,7.0,2063
616,24099,tt0087175,tt0087175,6.3,12391
617,6171,tt0285531,tt0285531,5.5,83958
618,78157,tt0027551,tt0027551,5.8,56
619,646,tt0055928,tt0055928,7.3,132339
620,32620,tt0072912,tt0072912,6.5,4198
622,156344,tt0021820,tt0021820,6.0,174
623,32275,tt0038499,tt0038499,6.9,7344
624,841,tt0087182,tt0087182,6.6,109528
625,11671,tt0974554,tt0974554,6.8,21002
626,9079,tt0101787,tt0101787,6.0,13574
627,11372,tt0074452,tt0074452,6.9,16894
628,49494,tt1034389,tt1034389,6.2,60698
629,220,tt0048028,tt0048028,8.0,36003
630,1911,tt0120657,tt0120657,6.6,109756
631,21721,tt0085475,tt0085475,6.9,6168
632,24973,tt0046949,tt0046949,6.6,3115
633,9451,tt0126886,tt0126886,7.3,82288
634,43335,tt0046951,tt0046951,6.4,1895
635,22013,tt0053793,tt0053793,7.8,9103
636,9603,tt0112697,tt0112697,6.8,153008
637,3573,tt0116191,tt0116191,6.7,32275
638,12254,tt0118308,tt0118308,7.1,4802
639,4540,tt0021836,tt0021836,7.2,489
640,4544,tt0046954,tt0046954,6.6,230
641,4542,tt0058056,tt0058056,6.5,320
642,10556,tt0256739,tt0256739,6.0,878
643,27693,tt0861704,tt0861704,6.1,1223
644,10110,tt0092965,tt0092965,7.8,104290
645,196789,tt0026313,tt0026313,6.0,214
646,242749,tt0039092,tt0039092,6.4,77
647,78256,tt0048034,tt0048034,6.7,926
648,20024,tt0172396,tt0172396,7.1,19850
649,19114,tt0082329,tt0082329,4.8,6313
650,9391,tt0375735,tt0375735,6.4,9486
651,15876,tt0050356,tt0050356,7.6,8805
652,11864,tt0089092,tt0089092,6.9,39510
653,409,tt0116209,tt0116209,7.4,163782
654,10491,tt0157583,tt0157583,6.4,19128
655,2486,tt0449010,tt0449010,5.1,116498
656,14822,tt0078158,tt0078158,5.9,3914
657,34075,tt0249397,tt0249397,6.1,150
658,13836,tt1075417,tt1075417,5.7,50323
659,30285,tt0116240,tt0116240,5.8,3847
660,34053,tt0095119,tt0095119,6.2,2701
661,369132,tt0057700,tt0057700,7.0,63
662,4193,tt0083908,tt0083908,7.1,11795
663,301930,tt0276115,tt0276115,7.9,1537
664,11349,tt0055824,tt0055824,7.8,23535
665,1598,tt0101540,tt0101540,7.3,151073
666,43336,tt0046963,tt0046963,7.4,3127
667,10877,tt0242445,tt0242445,5.5,30029
668,1941,tt0053804,tt0053804,6.8,8017
669,9552,tt0070047,tt0070047,8.0,325696
670,11586,tt0076009,tt0076009,3.7,19343
671,11587,tt0099528,tt0099528,6.3,21499
672,11026,tt0204313,tt0204313,5.1,31344
673,12700,tt0449086,tt0449086,5.3,9517
674,30574,tt0036807,tt0036807,6.5,1196
675,18681,tt0120662,tt0120662,4.9,13992
676,10863,tt0082351,tt0082351,7.1,8431
677,8453,tt0439662,tt0439662,7.2,28369
678,1714,tt0060390,tt0060390,7.3,37981
679,502,tt0058083,tt0058083,8.0,17430
680,139916,tt0053601,tt0053601,5.7,489
681,635,tt0092563,tt0092563,7.3,71930
682,468079,tt0097327,tt0097327,5.9,77
684,64877,tt0063389,tt0063389,6.5,700
685,10551,tt0097328,tt0097328,5.7,10971
686,9566,tt0116277,tt0116277,5.8,42965
687,74899,tt0082362,tt0082362,5.8,1640
688,10315,tt0432283,tt0432283,7.9,173529
689,3469,tt0061648,tt0061648,7.2,4695
690,128710,tt0157616,tt0157616,7.1,792
691,10997,tt0106332,tt0106332,8.1,21724
692,22649,tt0022879,tt0022879,6.5,4321
693,80255,tt0050379,tt0050379,5.9,2186
694,20713,tt0097334,tt0097334,6.3,2433
695,3033,tt0120684,tt0120684,7.5,27213
696,20758,tt0042451,tt0042451,7.2,9068
697,22968,tt0043526,tt0043526,6.6,3051
698,11846,tt0101862,tt0101862,6.5,62458
699,11862,tt0113041,tt0113041,6.0,30879
700,10627,tt0083169,tt0083169,6.8,15156
701,1878,tt0120669,tt0120669,7.7,239504
702,49021,tt1448755,tt1448755,6.5,116648
703,120,tt0120737,tt0120737,8.8,1478645
704,8983,tt0109791,tt0109791,7.2,3388
705,42943,tt0026276,tt0026276,7.1,2588
706,5781,tt0075824,tt0075824,8.0,17950
707,1610,tt0119114,tt0119114,6.7,9365
708,11431,tt0332047,tt0332047,6.2,39765
709,61960,tt0043957,tt0043957,6.6,90
710,550,tt0137523,tt0137523,8.8,1643343
711,110659,tt0021861,tt0021861,5.8,467
712,110832,tt0025954,tt0025954,5.9,171
713,42471,tt0070289,tt0070289,5.6,710
714,274040,tt0082380,tt0082380,6.8,101
715,10724,tt0083943,tt0083943,5.9,22905
716,11495,tt0087262,tt0087262,6.0,26554
717,37233,tt0106918,tt0106918,6.8,104252
718,1368,tt0083944,tt0083944,7.7,199035
719,1369,tt0089880,tt0089880,6.4,135991
720,1370,tt0095956,tt0095956,5.8,107227
721,7555,tt0462499,tt0462499,7.0,199374
722,120949,tt0343014,tt0343014,6.9,234
723,775,tt0000417,tt0000417,8.2,37837
724,337437,tt0193947,tt0193947,6.9,30
725,34276,tt0058100,tt0058100,6.7,4563
726,47868,tt1535107,tt1535107,6.1,912
727,2925,tt0116313,tt0116313,6.3,37825
728,87267,tt0062977,tt0062977,6.9,1065
729,347611,tt0014045,tt0014045,7.4,41
730,47825,tt0087268,tt0087268,6.5,1834
731,9749,tt0089155,tt0089155,6.9,43175
732,14628,tt0097366,tt0097366,6.1,17818
733,18886,tt0099587,tt0099587,5.8,5691
734,10243,tt0059183,tt0059183,7.6,17399
735,11866,tt0377062,tt0377062,6.1,49388
736,15658,tt0093036,tt0093036,5.7,8462
737,135988,tt0032481,tt0032481,6.6,268
738,42780,tt0059878,tt0059878,3.4,1860
739,42245,tt0074540,tt0074540,4.4,3105
740,68347,tt0097371,tt0097371,3.4,1023
741,192980,tt0026320,tt0026320,5.8,72
742,107874,tt0039357,tt0039357,6.0,408
743,8073,tt0057869,tt0057869,7.8,19793
744,10390,tt0126916,tt0126916,6.6,29177
745,27854,tt0035896,tt0035896,7.0,7484
746,279251,tt0025131,tt0025131,7.1,9
747,17339,tt0077572,tt0077572,6.4,15178
748,104720,tt0039391,tt0039391,6.7,1019
749,242053,tt0028890,tt0028890,5.3,26
750,31603,tt0080754,tt0080754,5.6,2204
751,13,tt0109830,tt0109830,8.8,1571221
752,43187,tt0041955,tt0041955,6.7,1022
753,24650,tt0041386,tt0041386,7.1,8438
754,449120,tt0005353,tt0005353,7.2,24
755,447556,tt0012189,tt0012189,3.6,14
756,104485,tt0018908,tt0018908,7.3,244
757,10568,tt0031334,tt0031334,7.6,4995
758,76269,tt0048662,tt0048662,6.3,419
759,197489,tt0076047,tt0076047,6.5,456
760,9093,tt0240510,tt0240510,6.5,30793
761,10948,tt0082406,tt0082406,7.3,75378
762,9948,tt0465997,tt0465997,5.4,3512
763,229952,tt0027259,tt0027259,6.6,34
764,2929,tt0001223,tt0001223,6.5,3151
765,342492,tt0005615,tt0005615,7.0,24
766,3035,tt0021884,tt0021884,7.9,57656
767,3077,tt0031951,tt0031951,7.2,7898
768,3074,tt0034786,tt0034786,6.2,4784
769,3076,tt0035899,tt0035899,6.6,6759
770,30793,tt0037793,tt0037793,5.9,4141
771,3073,tt0040068,tt0040068,7.6,12946
772,3079,tt0050280,tt0050280,7.2,8059
773,3127,tt0050894,tt0050894,6.9,3995
774,3124,tt0058073,tt0058073,6.1,3083
775,3104,tt0061683,tt0061683,6.6,3772
776,3075,tt0065738,tt0065738,6.9,3703
777,3145,tt0065851,tt0065851,5.8,1850
778,3117,tt0071519,tt0071519,6.4,2776
779,3164,tt0051630,tt0051630,4.8,822
780,3160,tt0059205,tt0059205,5.0,1520
781,3146,tt0060440,tt0060440,6.4,1887
782,3125,tt0067017,tt0067017,3.2,1572
783,3105,tt0070074,tt0070074,7.5,1214
784,3162,tt0069795,tt0069795,3.2,717
785,3034,tt0072431,tt0072431,8.0,131574
786,29077,tt0088851,tt0088851,5.3,2628
787,3072,tt0099612,tt0099612,5.5,3275
788,3036,tt0109836,tt0109836,6.4,47398
789,7131,tt0338526,tt0338526,6.1,226124
790,3056,tt0397430,tt0397430,4.6,1665
791,3007,tt0019901,tt0019901,7.4,2495
792,16084,tt0076054,tt0076054,6.3,10540
793,274670,tt0215568,tt0215568,6.1,71
794,196257,tt0113112,tt0113112,6.1,1055
795,10330,tt0322330,tt0322330,6.2,113514
796,9959,tt0349467,tt0349467,5.1,14579
797,12537,tt0082416,tt0082416,7.0,10713
798,1633,tt0101921,tt0101921,7.7,60279
799,33278,tt0090917,tt0090917,5.5,6017
800,43258,tt0049233,tt0049233,7.5,5707
801,523671,tt0073020,tt0073020,7.6,20
802,11426,tt0045793,tt0045793,7.7,38930
803,657,tt0057076,tt0057076,7.4,104105
804,44969,tt0051638,tt0051638,5.1,1245
805,48135,tt0062363,tt0062363,5.4,613
806,42541,tt0053841,tt0053841,6.7,2232
807,34388,tt0060437,tt0060437,6.9,4769
808,14170,tt0095188,tt0095188,6.2,17608
809,28304,tt0042490,tt0042490,7.4,2406
810,12611,tt0077588,tt0077588,6.4,11877
811,148193,tt0050422,tt0050422,5.8,415
812,19379,tt0082199,tt0082199,5.8,4147
813,423722,tt0017917,tt0017917,6.6,13
814,151848,tt0027657,tt0027657,5.9,1203
815,13888,tt0102782,tt0102782,5.2,16508
816,28368,tt0093073,tt0093073,6.4,4601
817,315829,tt0036859,tt0036859,6.2,122
819,759,tt0045810,tt0045810,7.2,27605
820,42343,tt0048112,tt0048112,7.0,698
821,42719,tt0060453,tt0060453,6.9,3046
822,8012,tt0113161,tt0113161,6.9,70211
823,5916,tt0068638,tt0068638,7.5,24934
824,2087,tt0109890,tt0109890,5.7,15776
825,11439,tt1139328,tt1139328,7.2,147089
826,22292,tt0039420,tt0039420,7.9,14011
827,1712,tt0049261,tt0049261,7.7,30737
828,43096,tt0052847,tt0052847,6.7,2727
829,123723,tt0041414,tt0041414,6.3,208
830,17281,tt0051658,tt0051658,6.8,17478
831,12488,tt0119196,tt0119196,5.7,9952
832,62376,tt0071554,tt0071554,5.3,423
833,339930,tt0133235,tt0133235,7.0,24
834,14069,tt0808506,tt0808506,7.8,50693
835,54770,tt1614408,tt1614408,6.5,1457
836,5919,tt0072308,tt0072308,6.9,35191
837,224438,tt0095223,tt0095223,5.3,104
838,887,tt0036868,tt0036868,8.1,52433
839,30703,tt0343727,tt0343727,7.6,626
840,24816,tt0061715,tt0061715,6.6,1757
841,36194,tt0067144,tt0067144,7.4,4256
842,360695,tt4073696,tt4073696,6.9,967
843,40454,tt0060420,tt0060420,7.2,1921
844,238,tt0068646,tt0068646,9.2,1408429
845,10655,tt0107007,tt0107007,7.7,24095
846,16072,tt0279111,tt0279111,6.4,14412
847,35668,tt0062360,tt0062360,4.5,1180
848,37079,tt0051666,tt0051666,6.7,1491
849,47737,tt0071566,tt0071566,5.8,1714
850,29946,tt0200669,tt0200669,6.0,4041
851,103711,tt0069866,tt0069866,6.2,385
852,658,tt0058150,tt0058150,7.7,156578
853,770,tt0031381,tt0031381,8.2,260007
854,36652,tt0028944,tt0028944,7.7,4075
855,182,tt0452624,tt0452624,6.1,23003
856,9726,tt0401445,tt0401445,7.0,81562
857,573,tt0068611,tt0068611,7.5,36588
858,42852,tt0031385,tt0031385,7.8,8876
859,42607,tt0064382,tt0064382,7.0,2816
860,8289,tt0085615,tt0085615,6.8,11098
861,432684,tt0025196,tt0025196,7.4,58
862,596,tt0032551,tt0032551,8.1,79651
863,109468,tt0064391,tt0064391,5.6,448
864,29694,tt0075016,tt0075016,6.0,1444
865,170582,tt0025202,tt0025202,6.3,130
866,14320,tt0038574,tt0038574,7.9,20083
867,47698,tt0071576,tt0071576,6.0,323
868,9410,tt0119223,tt0119223,6.8,47820
869,16075,tt0167187,tt0167187,7.3,1610
871,80890,tt0041428,tt0041428,6.6,579
872,11034,tt0071577,tt0071577,6.4,21781
873,34027,tt0210719,tt0210719,5.8,1611
874,15155,tt0291928,tt0291928,5.1,634
875,64682,tt1343092,tt1343092,7.3,425283
876,121354,tt0049280,tt0049280,7.1,295
877,21887,tt0079239,tt0079239,7.2,5218
878,29589,tt0038577,tt0038577,7.6,3738
879,66869,tt0052864,tt0052864,5.6,1876
880,497,tt0120689,tt0120689,8.5,988982
881,99351,tt0038578,tt0038578,7.1,658
882,136994,tt0082478,tt0082478,6.6,147
883,18129,tt0099703,tt0099703,7.0,23282
884,185875,tt0078981,tt0078981,6.8,28
885,67750,tt0113224,tt0113224,5.4,561
886,84278,tt0060479,tt0060479,6.6,1118
887,24449,tt0436370,tt0436370,5.5,713
888,38348,tt0111666,tt0111666,7.5,3700
889,406088,tt0109780,tt0109780,5.0,85
890,152948,tt0026793,tt0026793,6.6,213
891,42518,tt0031397,tt0031397,6.7,3348
892,39951,tt0059212,tt0059212,6.6,118
893,64923,tt0076119,tt0076119,5.5,441
894,102922,tt1125862,tt1125862,5.3,48
895,38745,tt1320261,tt1320261,4.9,60310
896,10911,tt0054953,tt0054953,7.6,41407
897,262780,tt0053884,tt0053884,5.7,259
898,64079,tt0064397,tt0064397,6.4,1528
899,96107,tt0033686,tt0033686,7.0,863
900,49411,tt0066540,tt0066540,5.6,906
901,40085,tt0051878,tt0051878,7.5,8759
902,20815,tt0099731,tt0099731,6.0,7422
903,9740,tt0212985,tt0212985,6.8,234007
904,261077,tt0035970,tt0035970,6.7,208
905,10340,tt0048280,tt0048280,7.3,106309
906,28528,tt0049291,tt0049291,7.6,6035
907,145865,tt0051702,tt0051702,6.5,236
908,671,tt0241527,tt0241527,7.6,558822
909,672,tt0295297,tt0295297,7.4,482626
910,673,tt0304141,tt0304141,7.9,478864
911,674,tt0330373,tt0330373,7.7,478452
912,675,tt0373889,tt0373889,7.5,443667
913,767,tt0417741,tt0417741,7.6,408599
914,12444,tt0926084,tt0926084,7.7,415314
915,12445,tt1201607,tt1201607,8.1,678081
916,10592,tt0251114,tt0251114,6.3,48051
917,204295,tt0045301,tt0045301,6.5,52
918,28907,tt0038589,tt0038589,7.1,3077
919,15042,tt0402247,tt0402247,5.7,819
920,76484,tt0033692,tt0033692,7.2,236
921,201609,tt0036900,tt0036900,7.1,50
922,11772,tt0057129,tt0057129,7.6,30900
923,11618,tt0171363,tt0171363,4.9,66136
924,14689,tt0060491,tt0060491,6.6,2375
925,85290,tt0065820,tt0065820,6.3,868
926,253489,tt0030219,tt0030219,7.4,57
927,25738,tt0043625,tt0043625,7.1,1613
928,46548,tt0861350,tt0861350,4.6,378
929,59860,tt1067774,tt1067774,5.8,38171
930,119904,tt0047066,tt0047066,7.0,320
931,65193,tt0077664,tt0077664,6.2,79
932,10852,tt0108624,tt0108624,6.4,2898
933,28345,tt0028988,tt0028988,7.3,3646
934,58757,tt0044696,tt0044696,6.7,307
935,38427,tt0063051,tt0063051,6.6,512
936,56827,tt0084060,tt0084060,6.2,221
937,43625,tt0439197,tt0439197,6.5,730
938,456114,tt0298903,tt0298903,5.7,40
939,230063,tt1156448,tt1156448,5.4,89
940,16180,tt0070294,tt0070294,6.8,10854
941,9003,tt0093177,tt0093177,7.0,90685
942,43035,tt0053902,tt0053902,6.1,1063
943,50014,tt1454029,tt1454029,8.1,386024
944,133545,tt0022999,tt0022999,6.0,75
945,340713,tt0031419,tt0031419,7.0,51
946,17761,tt0047086,tt0047086,6.9,4860
947,243,tt0146882,tt0146882,7.5,157019
948,81679,tt0041469,tt0041469,6.8,489
949,278976,tt0074189,tt0074189,4.6,121
951,59,tt0399146,tt0399146,7.5,208494
952,1362,tt0077687,tt0077687,6.8,11387
953,49051,tt0903624,tt0903624,7.9,712449
954,57158,tt1170358,tt1170358,7.8,558252
955,122917,tt2310332,tt2310332,7.4,431152
956,35201,tt0089283,tt0089283,5.7,2600
957,1278,tt0309987,tt0309987,7.2,98896
958,27945,tt0061770,tt0061770,7.4,10001
959,69007,tt0085236,tt0085236,5.7,1060
960,66923,tt1684555,tt1684555,3.7,1956
961,24748,tt0057163,tt0057163,7.9,17230
962,72710,tt1517260,tt1517260,5.9,104491
963,46059,tt0068718,tt0068718,6.8,4445
964,325622,tt0011309,tt0011309,3.5,22
965,145862,tt0021977,tt0021977,6.1,18
966,246887,tt0027770,tt0027770,5.7,84
967,27118,tt0031448,tt0031448,7.6,8443
968,11791,tt0052905,tt0052905,7.0,8120
969,377498,tt0055783,tt0055783,7.1,281
970,62847,tt0076161,tt0076161,4.6,919
971,25293,tt0264695,tt0264695,6.1,941
972,28486,tt0322622,tt0322622,6.6,2102
973,15944,tt0053271,tt0053271,6.5,3739
974,15943,tt0075200,tt0075200,5.9,2231
975,207451,tt0111146,tt0111146,5.2,293
976,10067,tt0393735,tt0393735,4.4,16912
977,285398,tt0036930,tt0036930,6.0,110
978,590,tt0274558,tt0274558,7.6,115275
979,43266,tt0033729,tt0033729,7.8,18710
980,8293,tt0104454,tt0104454,7.5,25415
981,11298,tt0082533,tt0082533,6.6,27377
982,29794,tt0089308,tt0089308,3.5,5617
983,38500,tt0095334,tt0095334,3.5,2246
984,10922,tt0308383,tt0308383,6.3,27766
985,470691,tt0000511,tt0000511,7.2,20
986,284392,tt0241776,tt0241776,5.8,20
988,18987,tt0014142,tt0014142,7.3,4212
989,31685,tt0031455,tt0031455,7.9,9119
990,11594,tt0050781,tt0050781,6.8,2126
991,80385,tt0084100,tt0084100,6.5,960
992,10545,tt0116583,tt0116583,6.9,124620
993,268762,tt0241545,tt0241545,4.2,31
995,258712,tt0258665,tt0258665,4.4,63
996,378127,tt1125865,tt1125865,3.2,53
998,148636,tt0119329,tt0119329,6.2,1359
999,12230,tt0055254,tt0055254,7.2,134829
1000,13654,tt0324941,tt0324941,5.8,6337
1001,11674,tt0115433,tt0115433,5.7,90360
1002,10481,tt0211181,tt0211181,4.9,31196
1003,70160,tt1392170,tt1392170,7.2,786072
1004,101299,tt1951264,tt1951264,7.5,567602
1005,1669,tt0099810,tt0099810,7.6,162357
1006,26039,tt0062138,tt0062138,7.4,16349
1007,2112,tt0120784,tt0120784,7.1,123600
1008,990,tt0054997,tt0054997,8.0,69833
1009,21159,tt0058700,tt0058700,6.9,15320
1010,11234,tt0067525,tt0067525,6.6,26337
1011,6479,tt0480249,tt0480249,7.2,624186
1012,46529,tt1464540,tt1464540,6.1,215500
1013,3597,tt0119345,tt0119345,5.7,121638
1014,3602,tt0469111,tt0469111,3.6,9150
1015,19840,tt1032815,tt1032815,5.3,31581
1016,17657,tt0063121,tt0063121,6.6,7983
1017,3766,tt0040525,tt0040525,7.7,23028
1018,15247,tt0059319,tt0059319,7.3,12320
1019,143,tt0020629,tt0020629,8.1,52863
1020,139793,tt0029491,tt0029491,6.9,122
1021,10912,tt0078753,tt0078753,7.1,6859
1022,34036,tt0314197,tt0314197,6.2,3099
1023,9278,tt0104299,tt0104299,5.3,13754
1024,183650,tt0022796,tt0022796,7.0,497
1025,32855,tt0097570,tt0097570,5.9,2535
1026,37969,tt0057180,tt0057180,7.1,3379
1027,6878,tt0107131,tt0107131,6.9,38432
1028,25059,tt0116552,tt0116552,5.9,12395
1029,35200,tt0075132,tt0075132,6.1,1527
1030,124721,tt0084826,tt0084826,5.7,478
1031,91390,tt0106185,tt0106185,5.7,1395
1032,34774,tt0056095,tt0056095,6.7,2469
1033,123295,tt0038765,tt0038765,7.0,1138
1034,628,tt0110148,tt0110148,7.6,270805
1035,357391,tt0091353,tt0091353,7.2,133
1036,10787,tt0024184,tt0024184,7.7,25593
1037,28421,tt0032635,tt0032635,6.6,2857
1038,28423,tt0032637,tt0032637,6.2,1746
1039,28426,tt0034902,tt0034902,6.1,1346
1040,28425,tt0036959,tt0036959,5.9,1448
1041,33475,tt0043255,tt0043255,7.0,4250
1042,10633,tt0061811,tt0061811,8.0,59161
1043,92272,tt0067535,tt0067535,6.0,1260
1044,96097,tt0073160,tt0073160,8.0,236
1045,10386,tt0129167,tt0129167,8.0,154193
1046,323017,tt0012322,tt0012322,5.8,9
1047,7988,tt0080934,tt0080934,5.3,3456
1048,40577,tt0045919,tt0045919,7.0,2846
1049,3031,tt0024188,tt0024188,7.5,7114
1050,100661,tt0053344,tt0053344,5.4,501
1051,187477,tt0309721,tt0309721,7.5,193
1052,26932,tt0076210,tt0076210,5.9,4971
1053,9306,tt0116654,tt0116654,4.5,28854
1054,70926,tt0076211,tt0076211,6.7,1152
1055,346364,tt1396484,tt1396484,7.4,337468
1056,404848,tt0003022,tt0003022,5.4,37
1057,26175,tt0044760,tt0044760,6.8,7375
1058,39382,tt0084157,tt0084157,6.8,3969
1059,274239,tt0821787,tt0821787,7.2,79
1060,101662,tt0118354,tt0118354,7.5,928
1061,52560,tt0099166,tt0099166,6.1,957
1062,37488,tt0068704,tt0068704,5.7,708
1063,10539,tt0116683,tt0116683,6.7,55519
1064,169625,tt0025323,tt0025323,4.4,307
1065,27130,tt0036027,tt0036027,7.2,9571
1066,336809,tt0130991,tt0130991,7.5,71
1067,262368,tt0390476,tt0390476,7.3,18
1068,47333,tt0116684,tt0116684,6.8,8398
1069,38684,tt1229822,tt1229822,7.4,73763
1070,254141,tt0039509,tt0039509,6.7,238
1071,578,tt0073195,tt0073195,8.0,501209
1072,579,tt0077766,tt0077766,5.7,62766
1073,17692,tt0085750,tt0085750,3.6,34614
1074,580,tt0093300,tt0093300,2.9,36536
1075,323278,tt1799112,tt1799112,5.5,10
1076,43844,tt0030127,tt0030127,7.5,1406
1077,39263,tt0068290,tt0068290,5.8,2474
1078,39176,tt0080402,tt0080402,4.8,1725
1079,45512,tt0069103,tt0069103,5.5,1307
1080,38924,tt0085756,tt0085756,4.7,234
1081,43229,tt0050567,tt0050567,6.6,1377
1082,266368,tt0084176,tt0084176,6.1,70
1083,43376,tt0042619,tt0042619,8.0,8191
1084,63438,tt0075347,tt0075347,6.3,373
1085,107910,tt0358216,tt0358216,6.9,52
1086,107901,tt0452831,tt0452831,6.8,32
1087,45912,tt0469050,tt0469050,5.0,909
1088,1729,tt0865556,tt0865556,6.6,96043
1089,19931,tt0107282,tt0107282,7.6,13913
1090,25147,tt0116722,tt0116722,7.0,9416
1091,1802,tt0112769,tt0112769,7.6,8517
1092,29369,tt0060647,tt0060647,6.5,3080
1093,8844,tt0113497,tt0113497,6.9,263899
1094,43858,tt0028827,tt0028827,6.6,595
1095,23033,tt0034928,tt0034928,6.8,3375
1096,9325,tt0061852,tt0061852,7.6,148015
1097,14873,tt0283426,tt0283426,5.4,13499
1098,10714,tt0110213,tt0110213,6.0,14911
1099,50850,tt0120087,tt0120087,4.6,890
1100,256371,tt0034184,tt0034184,7.4,502
1101,329,tt0107290,tt0107290,8.1,767138
1102,330,tt0119567,tt0119567,6.5,337799
1103,331,tt0163025,tt0163025,5.9,267286
1104,42609,tt0064526,tt0064526,5.7,341
1105,35072,tt0057215,tt0057215,6.1,726
1106,294651,tt3560492,tt3560492,6.9,663
1107,42721,tt0060586,tt0060586,7.2,1190
1108,18050,tt0036983,tt0036983,7.3,2153
1109,109537,tt0030321,tt0030321,6.8,253
1110,43037,tt0053994,tt0053994,6.7,1131
1111,32032,tt0067302,tt0067302,6.2,957
1112,142150,tt0113539,tt0113539,7.0,402
1113,18937,tt0120800,tt0120800,6.3,13203
1114,53779,tt0034946,tt0034946,7.6,3548
1115,43860,tt0029081,tt0029081,6.4,943
1116,43388,tt0042646,tt0042646,6.9,5119
1117,9838,tt0089421,tt0089421,5.2,11318
1118,8698,tt0311429,tt0311429,5.8,155643
1119,537278,tt0397501,tt0397501,6.0,2968
1120,14103,tt1219671,tt1219671,2.7,1264
1121,12493,tt0057565,tt0057565,8.4,23177
1122,78229,tt0051819,tt0051819,6.6,1214
1123,37415,tt0074746,tt0074746,6.1,333
1124,37414,tt0954947,tt0954947,6.1,31460
1125,47784,tt0061742,tt0061742,6.5,494
1126,175041,tt2142797,tt2142797,7.4,1614
1127,11703,tt0089424,tt0089424,7.4,12762
1128,9437,tt0119468,tt0119468,6.6,58332
1129,18262,tt0042648,tt0042648,7.2,1494
1130,77765,tt0071721,tt0071721,5.1,1138
1131,15360,tt0067490,tt0067490,7.8,4494
1132,32021,tt0069002,tt0069002,7.6,2261
1133,30265,tt0118851,tt0118851,6.3,2933
1134,4105,tt0096933,tt0096933,6.6,44930
1135,185987,tt0097694,tt0097694,8.0,2623
1136,2118,tt0119488,tt0119488,8.3,485952
1137,309512,tt0228502,tt0228502,6.0,190
1138,71006,tt0059377,tt0059377,5.6,898
1139,139176,tt0012027,tt0012027,6.6,821
1140,53431,tt0929410,tt0929410,5.0,144
1141,43874,tt0028683,tt0028683,7.5,6517
1142,36446,tt0064122,tt0064122,5.9,553
1143,167033,tt0087028,tt0087028,6.3,426
1144,11347,tt0095488,tt0095488,5.9,8696
1145,402204,tt0085365,tt0085365,7.0,64
1146,27591,tt0076535,tt0076535,5.4,2432
1147,21260,tt1410205,tt1410205,3.2,1704
1148,2202,tt0036098,tt0036098,7.2,4475
1149,43177,tt0038097,tt0038097,6.5,670
1150,61856,tt0038427,tt0038427,6.4,1210
1151,128854,tt0040438,tt0040438,6.8,517
1152,131488,tt0040849,tt0040849,6.8,297
1153,251813,tt0126993,tt0126993,6.3,190
1154,29918,tt0110305,tt0110305,5.9,4667
1155,14597,tt0431213,tt0431213,6.7,3807
1156,465498,tt0000160,tt0000160,5.8,8
1157,170558,tt0026605,tt0026605,6.5,829
1158,14886,tt0070290,tt0070290,7.6,19567
1159,127564,tt0049432,tt0049432,7.0,1226
1160,302585,tt0021051,tt0021051,5.8,38
1161,97629,tt0033817,tt0033817,7.5,13
1162,71065,tt0011387,tt0011387,6.9,1002
1163,156381,tt0023119,tt0023119,5.8,103
1164,23108,tt0027869,tt0027869,6.7,1025
1165,9361,tt0104691,tt0104691,7.8,134075
1166,25188,tt0067328,tt0067328,8.1,37087
1167,12146,tt0338188,tt0338188,6.5,30721
1168,63914,tt0384344,tt0384344,6.3,309
1169,35690,tt1294226,tt1294226,5.9,73188
1170,110674,tt0051369,tt0051369,5.7,346
1171,55576,tt0119501,tt0119501,7.0,1437
1172,10150,tt0084237,tt0084237,7.5,22010
1173,181537,tt0039556,tt0039556,7.1,654
1174,9665,tt0097441,tt0097441,7.9,112078
1175,4836,tt0375912,tt0375912,7.3,150125
1176,1939,tt0037008,tt0037008,8.0,37808
1177,495553,tt0056170,tt0056170,8.0,32
1178,117967,tt0273729,tt0273729,6.4,30
1179,211572,tt0050874,tt0050874,6.4,181
1180,126922,tt0023125,tt0023125,6.6,573
1181,172340,tt0071780,tt0071780,5.9,396
1182,252144,tt0071548,tt0071548,5.5,266
1183,37302,tt0190524,tt0190524,4.6,8439
1184,29229,tt0283644,tt0283644,5.2,3422
1185,65218,tt1648204,tt1648204,7.0,11781
1186,1040,tt0057091,tt0057091,8.1,19746
1187,13310,tt1139797,tt1139797,7.9,193147
1188,41402,tt1228987,tt1228987,7.1,105741
1189,45578,tt0041587,tt0041587,7.8,7413
1190,859,tt0094947,tt0094947,7.6,59221
1191,37606,tt0098575,tt0098575,7.0,11554
1192,796,tt0139134,tt0139134,6.8,166182
1193,50476,tt0380689,tt0380689,7.1,2020
1194,42223,tt0076348,tt0076348,7.3,912
1195,50348,tt1189340,tt1189340,7.3,194067
1196,109332,tt0046002,tt0046002,6.3,526
1198,42149,tt0082497,tt0082497,5.4,5074
1199,2285,tt0085843,tt0085843,6.8,293
1200,64865,tt0051864,tt0051864,6.6,437
1201,148861,tt0021070,tt0021070,7.2,124
1202,78155,tt0032706,tt0032706,5.7,89
1203,27899,tt0021079,tt0021079,7.3,10523
1204,22029,tt0069792,tt0069792,6.4,2665
1205,32088,tt0087629,tt0087629,6.1,1775
1206,253,tt0070328,tt0070328,6.8,86316
1207,267,tt0118819,tt0118819,7.4,25651
1208,13817,tt0138487,tt0138487,6.4,3744
1209,64871,tt0056173,tt0056173,7.1,399
1210,10803,tt0074812,tt0074812,6.8,46556
1211,802,tt0056193,tt0056193,7.6,81292
1212,9769,tt0119558,tt0119558,6.9,45955
1214,477157,tt0021085,tt0021085,5.5,29
1215,446191,tt0034994,tt0034994,5.8,14
1216,1847,tt0070334,tt0070334,7.7,22015
1217,27331,tt0069865,tt0069865,7.5,9529
1218,11387,tt0059399,tt0059399,6.8,3199
1219,121,tt0167261,tt0167261,8.7,1321983
1220,122,tt0167260,tt0167260,8.9,1461972
1221,67530,tt0085867,tt0085867,6.6,2343
1222,3598,tt0029162,tt0029162,7.8,10935
1223,97519,tt0070337,tt0070337,5.3,1874
1224,42453,tt0071671,tt0071671,6.3,2086
1225,2981,tt0016039,tt0016039,7.1,4133
1226,2982,tt0054038,tt0054038,5.5,3119
1227,2983,tt0104759,tt0104759,5.3,884
1228,50808,tt0105249,tt0105249,5.1,454
1229,2997,tt0138581,tt0138581,3.7,766
1230,2996,tt0938313,tt0938313,7.8,33
1231,3003,tt0302739,tt0302739,6.7,2725
1232,31394,tt0478188,tt0478188,2.3,1580
1233,210185,tt0046472,tt0046472,7.4,17
1234,19186,tt0055277,tt0055277,7.1,16738
1235,92682,tt0098065,tt0098065,5.9,510
1236,302198,tt0234094,tt0234094,8.2,15
1237,307884,tt0233587,tt0233587,6.2,55
1238,9820,tt0120783,tt0120783,6.5,106530
1239,165065,tt0271604,tt0271604,4.7,561
1240,16303,tt0059410,tt0059410,7.2,3028
1241,9062,tt0066011,tt0066011,6.9,26631
1242,163631,tt0078024,tt0078024,4.4,737
1243,7980,tt0380510,tt0380510,6.7,143529
1244,3175,tt0072684,tt0072684,8.1,129708
1245,77877,tt1327194,tt1327194,6.5,92778
1246,43370,tt0044860,tt0044860,7.5,2064
1247,18118,tt0064615,tt0064615,6.8,7112
1248,12335,tt0066817,tt0066817,7.1,30676
1249,29466,tt0017103,tt0017103,6.8,484
1250,47920,tt0026667,tt0026667,7.1,658
1251,13457,tt0047203,tt0047203,7.1,5186
1252,97577,tt0034431,tt0034431,6.7,69
1253,72693,tt0055152,tt0055152,6.0,2441
1254,12101,tt0070723,tt0070723,7.1,51807
1255,28257,tt0022111,tt0022111,7.3,2499
1256,28256,tt0028219,tt0028219,6.2,1609
1257,963,tt0033870,tt0033870,8.1,138391
1258,91554,tt0072706,tt0072706,5.4,395
1259,134223,tt0068870,tt0068870,5.6,291
1260,64963,tt0062218,tt0062218,6.4,905
1261,28290,tt0049474,tt0049474,7.2,2950
1262,49712,tt0093489,tt0093489,5.9,1559
1263,9509,tt0328107,tt0328107,7.7,303582
1264,991,tt0074851,tt0074851,6.7,21160
1265,170499,tt0093486,tt0093486,5.1,291
1266,43791,tt0049471,tt0049471,7.4,3765
1267,37340,tt0046034,tt0046034,6.3,358
1268,682,tt0071807,tt0071807,6.8,85198
1269,10502,tt0107501,tt0107501,6.7,25741
1270,43319,tt0048340,tt0048340,7.0,2499
1271,982,tt0056218,tt0056218,8.0,67011
1272,14462,tt0368008,tt0368008,6.6,96547
1273,506,tt0058329,tt0058329,7.2,39870
1274,433,tt0058331,tt0058331,7.8,137762
1275,10518,tt0074860,tt0074860,7.5,51639
1276,10830,tt0117008,tt0117008,6.9,108646
1277,26371,tt0093512,tt0093512,7.7,13747
1278,238792,tt0283474,tt0283474,7.8,1194
1279,44853,tt0218378,tt0218378,6.5,5703
1280,11623,tt0077921,tt0077921,7.0,4842
1281,40158,tt0067419,tt0067419,6.1,1961
1282,218304,tt0033906,tt0033906,4.8,12
1283,106822,tt0039619,tt0039619,6.6,303
1284,10207,tt0139462,tt0139462,6.2,33052
1285,26204,tt0062380,tt0062380,6.6,2016
1286,42630,tt0063210,tt0063210,5.9,1696
1287,23908,tt0102443,tt0102443,7.2,7736
1288,11773,tt0054443,tt0054443,7.3,13044
1289,12122,tt0114852,tt0114852,5.6,25887
1290,3309,tt0037913,tt0037913,8.0,19804
1291,4296,tt0097883,tt0097883,5.7,5604
1292,15472,tt1132620,tt1132620,7.8,195775
1293,24253,tt1216487,tt1216487,7.2,84137
1294,65754,tt1568346,tt1568346,7.8,382511
1295,33623,tt0375233,tt0375233,6.9,5266
1296,61950,tt0425186,tt0425186,5.6,524
1297,6028,tt0081163,tt0081163,6.2,5970
1298,283904,tt0368969,tt0368969,7.5,383
1299,120041,tt0317427,tt0317427,5.8,134
1300,254107,tt0000969,tt0000969,5.8,12
1301,254243,tt0008305,tt0008305,5.9,15
1302,67532,tt0025509,tt0025509,8.1,1317
1303,43893,tt0026725,tt0026725,7.6,2942
1304,563383,tt0260015,tt0260015,8.0,5
1305,304267,tt0048271,tt0048271,7.0,10
1306,4412,tt0050709,tt0050709,7.6,1185
1307,4479,tt0077936,tt0077936,7.3,1390
1308,4416,tt0084340,tt0084340,7.3,715
1309,4415,tt0119683,tt0119683,7.5,35612
1310,82695,tt1707386,tt1707386,7.6,282020
1311,1700,tt0100157,tt0100157,7.8,161075
1312,61419,tt0023741,tt0023741,6.4,54
1313,95402,tt0053017,tt0053017,6.8,982
1314,388679,tt0085944,tt0085944,6.6,37
1315,177219,tt0017354,tt0017354,6.6,122
1316,10339,tt0049513,tt0049513,7.4,15395
1317,276819,tt0090961,tt0090961,6.8,123
1318,75006,tt1984208,tt1984208,6.5,292
1319,59883,tt1594917,tt1594917,3.4,4127
1320,83662,tt0054091,tt0054091,6.9,591
1321,42345,tt0066090,tt0066090,6.9,2962
1322,31604,tt0073240,tt0073240,6.0,4872
1323,87120,tt0060741,tt0060741,2.9,515
1324,160783,tt0042279,tt0042279,6.7,678
1325,56146,tt0035078,tt0035078,6.8,677
1326,698,tt0079574,tt0079574,6.3,80725
1327,42795,tt0058371,tt0058371,6.8,1731
1328,182863,tt0025515,tt0025515,5.1,229
1329,232016,tt0068108,tt0068108,7.6,62
1330,123553,tt1538403,tt1538403,5.9,120325
1331,11527,tt0082348,tt0082348,7.4,52887
1332,11120,tt0091557,tt0091557,6.6,24448
1333,243565,tt0030464,tt0030464,6.5,178
1334,37204,tt0057542,tt0057542,7.1,1931
1335,20318,tt0117093,tt0117093,7.2,4635
1336,34099,tt0403118,tt0403118,5.1,787
1337,26268,tt0060490,tt0060490,7.0,7199
1338,41521,tt0056255,tt0056255,6.9,4213
1339,19953,tt0058230,tt0058230,6.5,4359
1340,98579,tt0037095,tt0037095,6.8,390
1341,11704,tt0084649,tt0084649,7.6,32426
1342,757,tt0058383,tt0058383,7.2,4047
1343,82311,tt0054476,tt0054476,7.7,4213
1344,22383,tt0060862,tt0060862,7.4,12086
1345,16235,tt0083550,tt0083550,5.5,9013
1346,4176,tt0071877,tt0071877,7.3,48849
1347,6110,tt0279250,tt0279250,5.2,865
1348,34322,tt0089643,tt0089643,7.0,4910
1349,916,tt0062765,tt0062765,7.5,54422
1350,249857,tt0113892,tt0113892,6.6,218
1351,25445,tt0061749,tt0061749,6.9,1505
1352,18992,tt0036182,tt0036182,6.6,767
1353,18985,tt0040402,tt0040402,6.2,288
1354,14012,tt0434215,tt0434215,6.2,6892
1355,37932,tt1381767,tt1381767,6.2,1392
1356,30266,tt0006333,tt0006333,6.9,1387
1357,95348,tt0020198,tt0020198,6.1,522
1358,3590,tt0034260,tt0034260,7.0,77
1359,291624,tt0043831,tt0043831,6.1,147
1360,18993,tt0055207,tt0055207,6.8,5634
1361,524655,tt0448965,tt0448965,4.5,1786
1362,72545,tt1397514,tt1397514,5.8,81936
1363,322,tt0327056,tt0327056,8.0,383947
1364,192,tt0091605,tt0091605,7.8,93064
1365,43142,tt0051978,tt0051978,6.5,1054
1366,257822,tt0087776,tt0087776,5.4,80
1367,87151,tt0087777,tt0087777,5.5,928
1368,2742,tt0102511,tt0102511,7.1,42185
1369,32043,tt0099710,tt0099710,5.3,4471
1370,12435,tt0489237,tt0489237,6.2,53078
1371,11393,tt0087781,tt0087781,7.5,39076
1372,17641,tt0037120,tt0037120,7.4,5827
1373,42207,tt0077743,tt0077743,5.8,1254
1374,110655,tt0018199,tt0018199,6.7,74
1375,113228,tt0028026,tt0028026,5.4,8
1376,281611,tt0037124,tt0037124,6.1,234
1377,14280,tt0086005,tt0086005,7.6,6991
1378,34584,tt0088323,tt0088323,7.4,116996
1379,34636,tt0100240,tt0100240,5.1,21532
1380,27793,tt0110647,tt0110647,3.2,9509
1381,281725,tt0253312,tt0253312,7.6,927
1382,111683,tt0056063,tt0056063,6.4,438
1383,19119,tt0042788,tt0042788,8.0,10278
1384,36288,tt0105001,tt0105001,5.8,4174
1385,26387,tt0040643,tt0040643,7.1,927
1386,42700,tt0062038,tt0062038,7.3,6357
1387,3112,tt0048424,tt0048424,8.0,74180
1388,14703,tt0058404,tt0058404,7.8,9711
1389,26663,tt0038721,tt0038721,6.9,651
1390,3040,tt0403358,tt0403358,6.5,50308
1391,2269,tt0409904,tt0409904,6.5,31987
1392,35401,tt0039372,tt0039372,6.5,1122
1393,19169,tt0039661,tt0039661,7.8,6175
1394,14326,tt0956038,tt0956038,6.0,20995
1395,65603,tt0079631,tt0079631,4.8,944
1396,74023,tt0164026,tt0164026,3.5,497
1397,78852,tt0174444,tt0174444,7.9,457
1398,1984,tt0048918,tt0048918,7.0,2710
1399,9314,tt0087803,tt0087803,7.2,59028
1400,18910,tt0081237,tt0081237,7.1,5308
1401,6977,tt0477348,tt0477348,8.1,752667
1402,110671,tt0050771,tt0050771,7.3,774
1403,35986,tt0040647,tt0040647,6.1,418
1404,79645,tt0067162,tt0067162,6.9,1020
1405,53117,tt0166287,tt0166287,7.0,1369
1406,2268,tt0385752,tt0385752,6.1,165832
1407,43805,tt0032851,tt0032851,7.1,2873
1408,11036,tt0332280,tt0332280,7.9,465553
1409,562,tt0095016,tt0095016,8.2,708685
1410,11283,tt0396752,tt0396752,6.6,60507
1411,35019,tt1415283,tt1415283,6.1,24342
1412,43461,tt0039677,tt0039677,7.8,7741
1413,219197,tt0821800,tt0821800,5.9,52
1414,545336,tt0118414,tt0118414,7.0,12478
1415,134,tt0190590,tt0190590,7.8,261090
1416,43905,tt0025586,tt0025586,7.3,5362
1417,119343,tt0038795,tt0038795,6.4,507
1418,120526,tt0058425,tt0058425,6.6,740
1419,51802,tt0031742,tt0031742,7.8,4939
1420,326205,tt0082838,tt0082838,7.3,436
1421,9609,tt0105046,tt0105046,7.5,36757
1422,7345,tt0469494,tt0469494,8.2,455616
1424,281728,tt0025588,tt0025588,6.2,75
1425,274351,tt0347701,tt0347701,6.8,29
1426,46074,tt0108886,tt0108886,7.2,212
1427,34873,tt1023343,tt1023343,6.6,616
1428,11331,tt0052027,tt0052027,7.0,6363
1429,79775,tt0100288,tt0100288,7.0,1210
1430,38577,tt0207639,tt0207639,8.1,3398
1431,22660,tt0050798,tt0050798,7.3,10327
1432,50033,tt0057473,tt0057473,6.4,825
1433,259630,tt0000990,tt0000990,6.3,34
1434,47720,tt0013450,tt0013450,6.8,656
1435,43125,tt0024405,tt0024405,5.0,291
1436,10949,tt0040662,tt0040662,7.8,10124
1437,17917,tt0063385,tt0063385,7.5,30890
1438,49483,tt0084438,tt0084438,7.2,423
1439,535799,tt0884142,tt0884142,7.0,56
1440,12233,tt0095776,tt0095776,6.7,38585
1441,49146,tt0119825,tt0119825,6.3,1656
1442,44375,tt0339827,tt0339827,5.9,1283
1443,257,tt0380599,tt0380599,6.9,28777
1444,16306,tt0070544,tt0070544,7.8,19575
1445,668,tt0064757,tt0064757,6.8,70383
1446,1865,tt1298650,tt1298650,6.6,440382
1447,510,tt0073486,tt0073486,8.7,815170
1448,120979,tt0026822,tt0026822,6.9,71
1449,28963,tt0015400,tt0015400,7.8,4879
1450,12232,tt0033152,tt0033152,7.5,10547
1451,44871,tt0052527,tt0052527,6.3,225
1452,47406,tt0071502,tt0071502,6.8,6163
1453,13351,tt0192578,tt0192578,6.0,1223
1454,33831,tt0079668,tt0079668,6.9,4107
1455,2055,tt0316356,tt0316356,7.5,61201
1456,42995,tt0055972,tt0055972,7.2,3501
1457,16619,tt0081283,tt0081283,7.8,41514
1458,9300,tt0107756,tt0107756,7.2,11978
1459,79905,tt0357392,tt0357392,6.3,944
1460,12184,tt0467200,tt0467200,6.7,95260
1461,117028,tt0050157,tt0050157,5.3,104
1462,80844,tt0076507,tt0076507,6.1,1414
1463,249348,tt0048458,tt0048458,5.8,186
1464,25495,tt0054152,tt0054152,7.2,4210
1465,1389,tt0120780,tt0120780,7.0,79044
1466,227,tt0086066,tt0086066,7.2,66836
1467,120974,tt0025600,tt0025600,6.9,293
1468,980,tt0036244,tt0036244,8.0,18729
1469,31906,tt0066819,tt0066819,7.2,13877
1470,46317,tt0362001,tt0362001,6.6,862
1471,82096,tt0025617,tt0025617,6.7,1132
1472,193873,tt0050954,tt0050954,6.4,208
1473,14202,tt0446755,tt0446755,7.5,84882
1474,232018,tt0046164,tt0046164,7.5,95
1475,307575,tt0232280,tt0232280,8.7,27
1476,20651,tt0437407,tt0437407,7.3,8128
1477,33710,tt0055278,tt0055278,6.7,2153
1478,86,tt0430051,tt0430051,6.6,7545
1479,64139,tt0040370,tt0040370,7.1,618
1480,15927,tt0087892,tt0087892,7.4,15353
1481,9869,tt0105112,tt0105112,6.9,92733
1482,9944,tt0107798,tt0107798,6.6,68928
1483,10447,tt0110678,tt0110678,6.1,17429
1484,32657,tt0814255,tt0814255,5.9,162835
1485,276778,tt0171612,tt0171612,5.6,364
1486,8913,tt0098084,tt0098084,6.6,78116
1487,120672,tt0015224,tt0015224,7.3,728
1488,10693,tt0046183,tt0046183,7.3,109601
1489,16690,tt0280030,tt0280030,5.8,16123
1490,535321,tt0073533,tt0073533,7.2,156
1491,500645,tt0077045,tt0077045,8.2,99
1492,400070,tt0385166,tt0385166,7.9,60
1493,879,tt0102057,tt0102057,6.7,210636
1494,10601,tt0316396,tt0316396,6.9,60775
1495,39198,tt0349880,tt0349880,5.0,346
1496,866,tt0308644,tt0308644,7.7,189624
1497,13179,tt0823671,tt0823671,6.9,10417
1498,25475,tt1216516,tt1216516,6.8,8635
1499,86130,tt1450334,tt1450334,7.4,1176
1500,75258,tt1217213,tt1217213,7.2,9506
1501,43236,tt0050839,tt0050839,7.2,4680
1502,78318,tt0031516,tt0031516,7.3,1715
1503,37992,tt0036260,tt0036260,7.3,3461
1504,964,tt0016220,tt0016220,7.7,14775
1505,15855,tt0036261,tt0036261,6.5,5573
1506,46330,tt0056347,tt0056347,6.4,2457
1507,86962,tt0098090,tt0098090,5.5,3366
1508,10593,tt0119889,tt0119889,4.2,4810
1509,9833,tt0293508,tt0293508,7.3,108587
1510,5040,tt0060401,tt0060401,7.6,1450
1511,43111,tt0053462,tt0053462,7.4,2783
1512,476761,tt0158088,tt0158088,7.1,93
1514,357998,tt0143795,tt0143795,5.6,37
1516,139204,tt0045030,tt0045030,7.1,392
1517,570452,tt0003278,tt0003278,7.4,10
1518,16559,tt0037988,tt0037988,7.6,10511
1519,241310,tt0070533,tt0070533,6.5,322
1520,321910,tt0217723,tt0217723,7.1,177
1521,79284,tt0174129,tt0174129,6.2,31
1522,343243,tt0086315,tt0086315,6.0,142
1523,157922,tt0435669,tt0435669,5.1,303
1524,23488,tt1235124,tt1235124,6.3,57352
1525,36046,tt0410454,tt0410454,6.9,935
1526,41966,tt0095871,tt0095871,6.7,3448
1527,109881,tt0037885,tt0037885,7.2,1318
1528,871,tt0063442,tt0063442,8.0,154439
1529,1685,tt0065462,tt0065462,6.1,38358
1530,1687,tt0067065,tt0067065,6.3,28910
1531,1688,tt0068408,tt0068408,6.1,27599
1532,1705,tt0069768,tt0069768,5.5,26565
1533,869,tt0133152,tt0133152,5.7,199768
1534,61791,tt1318514,tt1318514,7.6,467462
1535,108252,tt0045819,tt0045819,6.0,102
1536,5255,tt0338348,tt0338348,6.6,153595
1537,74972,tt0098106,tt0098106,8.1,505
1538,267597,tt0100385,tt0100385,7.9,187
1539,826,tt0050212,tt0050212,8.2,183443
1540,1848,tt0145400,tt0145400,6.1,754
1541,32081,tt0087932,tt0087932,6.7,6927
1542,145364,tt0069112,tt0069112,5.2,324
1543,32558,tt0040705,tt0040705,7.7,5547
1544,551,tt0069113,tt0069113,7.1,37317
1545,31638,tt0078856,tt0078856,4.6,4275
1546,28512,tt0419358,tt0419358,4.4,2972
1547,503,tt0409182,tt0409182,5.6,91162
1548,2277,tt0182789,tt0182789,6.9,100909
1549,30072,tt0256276,tt0256276,6.4,12281
1550,9922,tt0119925,tt0119925,6.0,63507
1551,25736,tt0038854,tt0038854,7.5,16538
1552,11027,tt0082934,tt0082934,6.6,19616
1553,46015,tt0063452,tt0063452,6.1,1198
1554,37368,tt0039402,tt0039402,6.5,1796
1555,13823,tt0105159,tt0105159,7.2,8455
1556,105762,tt0052083,tt0052083,7.4,255
1557,11092,tt0100404,tt0100404,6.9,34053
1558,43818,tt0032943,tt0032943,7.4,6789
1559,4348,tt0414387,tt0414387,7.8,227386
1560,285955,tt0001008,tt0001008,5.2,9
1561,37025,tt0029440,tt0029440,7.3,2148
1562,73478,tt0056373,tt0056373,6.9,189
1563,22815,tt0077381,tt0077381,6.7,1428
1564,415366,tt0077071,tt0077071,7.8,132
1565,1621,tt0086465,tt0086465,7.5,121578
1566,25831,tt0100409,tt0100409,7.2,2441
1567,11566,tt0106673,tt0106673,6.8,45162
1568,102919,tt1125876,tt1125876,6.4,50
1569,33689,tt0113442,tt0113442,5.8,17981
1570,117882,tt0173052,tt0173052,4.7,211
1571,99754,tt0170429,tt0170429,3.8,153
1572,44488,tt0282100,tt0282100,6.6,644
1573,58831,tt0874424,tt0874424,5.4,813
1574,10333,tt0102713,tt0102713,6.7,14461
1575,2493,tt0093779,tt0093779,8.1,351823
1576,11130,tt0368933,tt0368933,5.8,66319
1577,28524,tt1531911,tt1531911,3.2,1405
1578,49529,tt0401729,tt0401729,6.6,236360
1579,277699,tt0003301,tt0003301,5.8,29
1580,144923,tt0013515,tt0013515,6.8,407
1581,43867,tt0029442,tt0029442,7.7,3800
1582,28431,tt0045053,tt0045053,7.0,2933
1583,1732,tt0079753,tt0079753,5.1,953
1584,277364,tt0066251,tt0066251,7.1,112
1585,352237,tt0119957,tt0119957,5.7,175
1586,539,tt0054215,tt0054215,8.5,525335
1587,10576,tt0086154,tt0086154,6.4,20601
1588,12662,tt0091799,tt0091799,5.3,11325
1589,40377,tt0102724,tt0102724,5.5,6425
1590,11252,tt0155975,tt0155975,4.6,42293
1591,52204,tt0051432,tt0051432,4.1,1022
1592,25557,tt0111003,tt0111003,5.9,7699
1593,4928,tt0053454,tt0053454,7.0,2209
1594,31598,tt0100442,tt0100442,6.5,4699
1595,11979,tt0238546,tt0238546,5.3,49208
1596,26939,tt0093811,tt0093811,7.1,1753
1597,85514,tt0052106,tt0052106,6.7,1443
1598,8198,tt0258068,tt0258068,7.1,25832
1599,25566,tt0082970,tt0082970,7.3,7756
1600,60541,tt0039750,tt0039750,6.8,1088
1601,205215,tt0027308,tt0027308,5.3,37
1602,5854,tt0074512,tt0074512,6.8,18238
1603,408929,tt0016259,tt0016259,6.9,9
1604,11975,tt0119978,tt0119978,7.1,54467
1605,24575,tt0081400,tt0081400,4.8,3479
1606,12618,tt0156934,tt0156934,5.1,18642
1607,52012,tt0064875,tt0064875,6.6,340
1608,42532,tt0067991,tt0067991,6.2,3089
1609,42476,tt0068264,tt0068264,5.3,2137
1610,10929,tt0310357,tt0310357,6.2,16475
1611,56135,tt0038873,tt0038873,7.5,4735
1612,24453,tt0087980,tt0087980,6.6,4550
1613,8055,tt0976051,tt0976051,7.6,215445
1614,223,tt0032976,tt0032976,8.1,109079
1615,10747,tt0075029,tt0075029,7.9,59076
1616,935,tt0057012,tt0057012,8.4,407977
1617,11454,tt0091474,tt0091474,7.2,58563
1618,9533,tt0289765,tt0289765,7.2,228911
1619,64875,tt0060408,tt0060408,6.3,295
1620,23395,tt0041792,tt0041792,6.4,828
1621,351780,tt0025706,tt0025706,6.9,41
1622,3547,tt0062185,tt0062185,6.9,5647
1623,101422,tt0073615,tt0073615,6.6,1380
1624,5928,tt0064886,tt0064886,6.8,2478
1625,1245,tt0107943,tt0107943,7.9,56328
1626,3699,tt0067696,tt0067696,6.4,1537
1627,11319,tt0076618,tt0076618,6.9,51324
1628,11135,tt0100477,tt0100477,6.9,33198
1629,73752,tt0079899,tt0079899,5.6,124
1630,66171,tt0084256,tt0084256,6.0,134
1631,1361,tt0079802,tt0079802,5.7,3230
1632,10925,tt0089907,tt0089907,7.4,47994
1633,24929,tt0095990,tt0095990,5.8,16374
1634,28260,tt0107953,tt0107953,5.9,12086
1635,24935,tt0411805,tt0411805,3.2,4338
1636,24939,tt0411806,tt0411806,3.3,3732
1637,26799,tt0110977,tt0110977,6.3,580
1638,198491,tt0084590,tt0084590,6.8,380
1639,116932,tt0046238,tt0046238,6.1,456
1640,108812,tt0051141,tt0051141,6.5,1058
1641,163773,tt0022308,tt0022308,6.0,246
1642,102293,tt0049672,tt0049672,6.6,467
1643,4148,tt0959337,tt0959337,7.3,175457
1644,11765,tt0079808,tt0079808,6.5,957
1645,120678,tt0016288,tt0016288,6.7,140
1646,362224,tt0022314,tt0022314,6.5,51
1647,433305,tt0034104,tt0034104,5.8,104
1648,134806,tt0117476,tt0117476,6.4,685
1649,39127,tt0219171,tt0219171,6.0,2196
1650,10955,tt0265651,tt0265651,6.6,16203
1651,7007,tt0107969,tt0107969,6.2,39101
1652,45218,tt0043972,tt0043972,7.6,4951
1653,16356,tt0310952,tt0310952,5.2,2075
1654,62878,tt1419950,tt1419950,5.0,2116
1655,60670,tt0228786,tt0228786,6.9,53818
1656,20766,tt0898367,tt0898367,7.3,204673
1657,11780,tt0114287,tt0114287,6.9,37982
1658,29912,tt0046247,tt0046247,6.8,7990
1659,189689,tt0196057,tt0196057,6.1,39
1660,7348,tt0058530,tt0058530,6.6,5508
1661,41953,tt0094923,tt0094923,6.3,854
1662,11210,tt0117496,tt0117496,5.9,11009
1663,30036,tt0047424,tt0047424,6.7,763
1664,229757,tt0039783,tt0039783,6.9,426
1665,11257,tt0091867,tt0091867,7.4,35336
1666,75799,tt0052148,tt0052148,6.5,766
1667,805,tt0063522,tt0063522,8.0,166765
1668,117258,tt0074815,tt0074815,3.4,635
1669,224393,tt0061377,tt0061377,7.2,385
1670,1809,tt0292644,tt0292644,6.7,47337
1671,184,tt0119396,tt0119396,7.5,276398
1672,11329,tt0313542,tt0313542,7.1,84822
1673,9874,tt0090859,tt0090859,5.7,59815
1674,11859,tt0113010,tt0113010,4.2,11247
1675,865,tt0093894,tt0093894,6.7,128582
1676,13757,tt0040580,tt0040580,6.5,3945
1677,41841,tt0111359,tt0111359,5.9,2999
1678,7364,tt0318649,tt0318649,6.0,85822
1679,92298,tt0075161,tt0075161,6.3,1021
1680,77166,tt0079843,tt0079843,7.1,1190
1681,104458,tt0023121,tt0023121,7.0,216
1682,301925,tt0029778,tt0029778,6.6,27
1683,157286,tt0083024,tt0083024,6.2,697
1684,27740,tt0093855,tt0093855,4.3,2901
1685,81025,tt1441952,tt1441952,6.8,58302
1686,27986,tt0024617,tt0024617,7.2,895
1687,5923,tt0060934,tt0060934,7.7,11993
1688,95134,tt0012952,tt0012952,7.2,1152
1689,44399,tt0033405,tt0033405,7.0,2050
1690,75892,tt0098251,tt0098251,4.7,904
1691,27709,tt0059678,tt0059678,6.2,1970
1692,40885,tt0050933,tt0050933,7.2,5266
1693,3509,tt0405296,tt0405296,7.1,99060
1694,877,tt0023427,tt0023427,7.8,22607
1695,111,tt0086250,tt0086250,8.3,651602
1696,43647,tt0025747,tt0025747,5.4,288
1697,10533,tt0114345,tt0114345,5.2,13420
1698,22614,tt0025748,tt0025748,7.5,3458
1699,207662,tt0030675,tt0030675,5.6,199
1700,183533,tt0042432,tt0042432,6.3,418
1701,23615,tt0084637,tt0084637,7.7,3956
1702,3114,tt0049730,tt0049730,8.0,72044
1703,424,tt0108052,tt0108052,8.9,1063186
1704,20345,tt0065143,tt0065143,7.2,15139
1705,50329,tt0015310,tt0015310,7.2,412
1706,26201,tt0033028,tt0033028,7.7,8159
1708,286137,tt0017358,tt0017358,2.1,8
1709,33931,tt0034162,tt0034162,7.5,2771
1710,168546,tt0052402,tt0052402,6.1,51
1711,267314,tt0108061,tt0108061,6.3,719
1712,223268,tt0120084,tt0120084,3.9,29
1713,87184,tt1182323,tt1182323,5.1,178
1714,131039,tt1215482,tt1215482,6.4,809
1715,12684,tt0028212,tt0028212,7.1,12991
1716,47199,tt0117582,tt0117582,5.8,2102
1717,20048,tt1093908,tt1093908,5.9,70135
1718,12837,tt0416212,tt0416212,7.3,22362
1719,119374,tt0210971,tt0210971,5.6,269
1720,4584,tt0114388,tt0114388,7.7,90586
1721,69426,tt0242572,tt0242572,7.6,2213
1722,50217,tt0893412,tt0893412,5.6,13496
1723,32050,tt0071229,tt0071229,6.3,2180
1724,29578,tt0075194,tt0075194,6.8,3864
1725,31937,tt0063636,tt0063636,6.1,920
1726,122228,tt0022365,tt0022365,5.7,50
1727,22765,tt0084666,tt0084666,6.8,1881
1728,482,tt0067741,tt0067741,6.6,14186
1729,494,tt0070679,tt0070679,6.0,2138
1730,479,tt0162650,tt0162650,5.9,64662
1731,39209,tt0063592,tt0063592,5.5,2397
1732,3596,tt0028358,tt0028358,6.7,6169
1733,104706,tt0000235,tt0000235,6.3,429
1734,60566,tt0026983,tt0026983,6.6,1263
1735,17604,tt0059710,tt0059710,5.8,2577
1736,64428,tt0063765,tt0063765,4.8,696
1737,251429,tt0081447,tt0081447,5.4,134
1739,73749,tt0078249,tt0078249,6.3,326
1740,74269,tt0079896,tt0079896,6.5,135
1741,55157,tt0108074,tt0108074,7.2,1792
1742,40751,tt0109688,tt0109688,7.2,11747
1743,111582,tt0025774,tt0025774,6.4,111
1744,97824,tt0035474,tt0035474,7.2,22
1745,17,tt0411267,tt0411267,5.4,9915
1746,11492,tt0351299,tt0351299,7.6,2221
1747,2762,tt0029811,tt0029811,7.0,7650
1748,694,tt0081505,tt0081505,8.4,763116
1749,31962,tt0105391,tt0105391,6.4,8455
1750,6440,tt0120824,tt0120824,6.8,30656
1751,31682,tt0050539,tt0050539,7.7,14060
1752,12472,tt0082558,tt0082558,5.4,4038
1753,17665,tt0063599,tt0063599,7.2,3026
1754,2323,tt0097351,tt0097351,7.5,98429
1755,12584,tt0075213,tt0075213,7.7,19814
1756,39419,tt0075214,tt0075214,6.3,2268
1757,11324,tt1130884,tt1130884,8.1,983863
1758,9675,tt0375063,tt0375063,7.5,168004
1759,994,tt0067800,tt0067800,7.5,51397
1760,64639,tt0999913,tt0999913,5.8,30440
1761,274,tt0102926,tt0102926,8.6,1106235
1762,79866,tt0054740,tt0054740,6.3,457
1763,99732,tt0022054,tt0022054,7.8,1191
1764,10223,tt0120324,tt0120324,7.5,57461
1765,8838,tt0120749,tt0120749,6.1,61924
1766,43358,tt0044486,tt0044486,7.4,1890
1767,9779,tt0403508,tt0403508,6.5,50033
1768,10188,tt1018785,tt1018785,6.2,25014
1769,11963,tt0073802,tt0073802,7.5,41809
1770,77073,tt0084691,tt0084691,5.7,714
1771,56412,tt0312278,tt0312278,7.3,880
1772,13673,tt0388419,tt0388419,5.3,36573
1773,72997,tt0023486,tt0023486,7.2,637
1774,24559,tt0069280,tt0069280,6.9,11145
1775,87497,tt0088135,tt0088135,4.8,309
1776,7442,tt0102945,tt0102945,6.2,44568
1777,28452,tt0093995,tt0093995,5.0,3508
1778,46495,tt0064728,tt0064728,6.2,1702
1779,249791,tt0027018,tt0027018,6.6,120
1780,593,tt0069293,tt0069293,8.1,68100
1781,2103,tt0307479,tt0307479,6.2,74637
1782,44888,tt0048640,tt0048640,6.3,1010
1783,72987,tt0120835,tt0120835,6.9,2187
1784,24808,tt0086336,tt0086336,6.8,7503
1785,43516,tt0036377,tt0036377,7.7,5388
1786,53939,tt0054326,tt0054326,7.3,1130
1787,202531,tt0194885,tt0194885,4.5,25
1788,561803,tt0143848,tt0143848,5.9,26
1789,41508,tt0367082,tt0367082,7.0,6195
1790,159615,tt0053298,tt0053298,6.4,680
1791,11954,tt0089489,tt0089489,6.1,19386
1792,967,tt0054331,tt0054331,7.9,111690
1793,32528,tt0361240,tt0361240,6.8,5151
1794,10153,tt0120184,tt0120184,6.1,92348
1795,9613,tt0278731,tt0278731,6.8,33376
1796,8204,tt0416236,tt0416236,6.6,80026
1798,174104,tt0004630,tt0004630,6.5,41
1799,391455,tt0021412,tt0021412,7.1,57
1800,43785,tt0035369,tt0035369,6.8,2066
1801,124711,tt0048652,tt0048652,6.1,354
1802,62330,tt0070726,tt0070726,7.2,970
1803,103765,tt0075141,tt0075141,6.4,147
1804,266812,tt0075259,tt0075259,6.3,14
1805,13580,tt0059749,tt0059749,7.7,12887
1806,691,tt0076752,tt0076752,7.1,87978
1807,42685,tt0065032,tt0065032,6.8,1882
1809,73896,tt0043291,tt0043291,6.2,499
1810,2270,tt0486655,tt0486655,7.7,236857
1811,64870,tt0056249,tt0056249,5.6,324
1812,111037,tt0055421,tt0055421,6.4,365
1813,563,tt0120201,tt0120201,7.2,248529
1814,10304,tt0367093,tt0367093,3.5,20593
1815,37294,tt0040835,tt0040835,6.7,790
1816,12223,tt0073747,tt0073747,6.9,14404
1817,137533,tt0081423,tt0081423,4.8,343
1818,112703,tt0094036,tt0094036,5.2,307
1819,137540,tt0117741,tt0117741,4.5,178
1820,9890,tt0327162,tt0327162,5.3,55419
1821,141914,tt0016395,tt0016395,7.4,213
1822,43865,tt0029608,tt0029608,7.5,3989
1823,47329,tt0100691,tt0100691,6.1,2144
1824,11601,tt0164181,tt0164181,7.0,68921
1825,34734,tt0805619,tt0805619,4.8,1979
1826,61095,tt0045267,tt0045267,6.8,714
1827,3006,tt0126875,tt0126875,6.0,27
1828,130523,tt0002143,tt0002143,6.0,412
1829,84512,tt0002813,tt0002813,5.3,184
1830,3016,tt0011130,tt0011130,7.0,4263
1831,3017,tt0011131,tt0011131,5.4,99
1832,3015,tt0011348,tt0011348,7.4,80
1833,3022,tt0033553,tt0033553,6.9,7506
1834,115609,tt0044061,tt0044061,4.8,159
1835,3026,tt0053348,tt0053348,6.8,881
1836,3025,tt0054416,tt0054416,6.5,2001
1837,18331,tt0057372,tt0057372,6.7,14035
1838,39038,tt0839930,tt0839930,5.2,288
1839,3024,tt0062908,tt0062908,6.9,413
1840,52941,tt0068727,tt0068727,5.9,1059
1841,3027,tt0070002,tt0070002,5.2,129
1842,79436,tt0821767,tt0821767,6.6,131
1843,91683,tt0097263,tt0097263,5.3,1167
1844,48747,tt0099875,tt0099875,6.2,896
1845,37019,tt0112895,tt0112895,4.5,2504
1846,9095,tt0117002,tt0117002,5.8,13136
1847,9327,tt0117218,tt0117218,5.6,100126
1848,12107,tt0144528,tt0144528,4.4,44982
1849,282338,tt0346899,tt0346899,5.8,116
1850,10272,tt0425150,tt0425150,4.3,1144
1851,311085,tt0393394,tt0393394,3.9,225
1852,21158,tt0084735,tt0084735,5.2,515
1853,845,tt0044079,tt0044079,8.0,112539
1854,9879,tt0117765,tt0117765,4.4,39463
1855,10137,tt0164912,tt0164912,5.9,112677
1856,10996,tt0243585,tt0243585,5.5,44542
1857,120386,tt0078333,tt0078333,3.6,714
1858,4614,tt0164184,tt0164184,6.4,95901
1859,25190,tt0051028,tt0051028,6.3,1850
1860,46878,tt0078350,tt0078350,4.4,6146
1861,188125,tt0033124,tt0033124,6.8,214
1862,18444,tt0054357,tt0054357,7.2,12003
1863,193099,tt0344412,tt0344412,6.1,14
1864,555001,tt0073775,tt0073775,6.3,199
1865,102661,tt0079580,tt0079580,6.5,396
1866,9810,tt0130142,tt0130142,4.8,677
1867,2191,tt0283015,tt0283015,5.4,2392
1868,112648,tt0274905,tt0274905,2.9,542
1869,60517,tt0286989,tt0286989,6.6,633
1870,9078,tt0057546,tt0057546,7.2,78500
1871,29584,tt0092042,tt0092042,5.6,1444
1872,33111,tt0040321,tt0040321,7.2,811
1873,8333,tt0072251,tt0072251,7.7,23399
1874,314370,tt0140594,tt0140594,5.2,839
1875,233095,tt0001915,tt0001915,6.2,68
1876,174711,tt0008652,tt0008652,6.3,95
1877,17831,tt0027075,tt0027075,7.8,4576
1878,4701,tt0052270,tt0052270,7.2,1197
1879,17352,tt0052225,tt0052225,6.9,7162
1880,52287,tt0242898,tt0242898,5.8,856
1881,1213,tt0134119,tt0134119,7.4,159160
1882,76951,tt0009682,tt0009682,5.9,600
1883,310233,tt0009560,tt0009560,6.2,23
1884,455537,tt0011624,tt0011624,4.9,31
1885,225503,tt0011908,tt0011908,6.3,92
1886,126259,tt0018464,tt0018464,5.3,115
1887,455538,tt0019447,tt0019447,6.2,25
1888,190364,tt0020481,tt0020481,6.1,84
1889,26845,tt0023551,tt0023551,7.2,6356
1890,76083,tt0024645,tt0024645,5.3,553
1891,18994,tt0025862,tt0025862,7.6,4393
1892,110026,tt0026773,tt0026773,4.8,131
1893,38661,tt0028345,tt0028345,6.9,2927
1894,76950,tt0030832,tt0030832,5.1,398
1895,40044,tt0032007,tt0032007,6.9,2938
1896,40214,tt0034266,tt0034266,6.9,2582
1897,40045,tt0035419,tt0035419,6.9,2905
1898,55860,tt0036414,tt0036414,6.9,1928
1899,55871,tt0035795,tt0035795,6.8,1865
1900,55872,tt0038151,tt0038151,6.8,2170
1901,55873,tt0039011,tt0039011,6.8,2052
1902,82053,tt0039887,tt0039887,6.8,1883
1903,70136,tt0040862,tt0040862,6.4,1811
1904,206145,tt0041947,tt0041947,6.0,475
1905,119325,tt0043025,tt0043025,5.8,442
1906,76088,tt0043695,tt0043695,5.9,429
1907,73551,tt0045220,tt0045220,6.0,376
1908,73553,tt0046404,tt0046404,5.5,423
1909,76086,tt0048699,tt0048699,5.7,432
1910,82133,tt0051057,tt0051057,5.9,506
1911,76080,tt0052273,tt0052273,5.1,474
1912,76084,tt0052275,tt0052275,5.3,398
1913,43205,tt0053334,tt0053334,6.6,975
1914,83407,tt0054368,tt0054368,6.7,557
1915,76082,tt0056560,tt0056560,5.5,386
1916,76091,tt0057560,tt0057560,5.9,353
1917,76081,tt0061067,tt0061067,6.2,401
1918,5037,tt0062341,tt0062341,5.6,306
1919,82132,tt0063673,tt0063673,5.4,324
1920,338036,tt0066438,tt0066438,5.5,48
1921,269749,tt0069344,tt0069344,5.5,32
1922,26325,tt0083170,tt0083170,3.3,4770
1923,38618,tt0120856,tt0120856,4.0,1980
1924,37135,tt0120855,tt0120855,7.3,177553
1925,13683,tt0313680,tt0313680,5.4,4706
1926,15657,tt0437503,tt0437503,5.6,7935
1927,22090,tt0076804,tt0076804,6.6,4580
1928,43348,tt0045846,tt0045846,6.1,1110
1929,32940,tt0072267,tt0072267,5.8,1622
1930,11050,tt0086425,tt0086425,7.4,48608
1931,124614,tt0112716,tt0112716,6.0,882
1932,11121,tt0080009,tt0080009,7.3,13305
1933,26541,tt0374273,tt0374273,5.4,1184
1934,27332,tt0084783,tt0084783,6.6,1738
1935,82545,tt0103069,tt0103069,6.0,2243
1936,305297,tt0334946,tt0334946,8.6,13
1937,352290,tt0276550,tt0276550,7.4,234
1938,377079,tt0190646,tt0190646,3.8,175
1939,18701,tt0340012,tt0340012,7.0,11482
1940,46884,tt0053351,tt0053351,6.5,1664
1941,6032,tt0089640,tt0089640,6.8,1076
1943,28145,tt0065088,tt0065088,7.9,14373
1944,235090,tt0226519,tt0226519,4.6,399
1945,76964,tt0023583,tt0023583,5.9,573
1946,260,tt0026029,tt0026029,7.8,46067
1947,25386,tt0053354,tt0053354,6.6,1587
1948,60287,tt0078389,tt0078389,6.6,2003
1949,16877,tt1282016,tt1282016,6.4,1805
1950,31656,tt0072274,tt0072274,7.1,3816
1951,49763,tt0115610,tt0115610,5.8,4877
1952,660,tt0059800,tt0059800,7.0,93927
1953,36670,tt0086006,tt0086006,6.2,55291
1954,133548,tt0025893,tt0025893,5.8,146
1955,298901,tt0007453,tt0007453,7.3,17
1956,540460,tt0010438,tt0010438,4.5,27
1957,149955,tt0028367,tt0028367,7.3,521
1958,29244,tt0040064,tt0040064,7.2,7389
1959,252957,tt0071561,tt0071561,5.8,41
1960,14168,tt0050086,tt0050086,7.6,16327
1961,5176,tt0381849,tt0381849,7.7,266897
1962,505,tt0097626,tt0097626,6.1,8077
1963,25441,tt0063341,tt0063341,6.2,448
1964,64872,tt0058657,tt0058657,6.7,236
1965,24750,tt0080025,tt0080025,7.1,13902
1966,2134,tt0054387,tt0054387,7.6,32414
1967,148948,tt0078401,tt0078401,5.4,287
1968,2135,tt0268695,tt0268695,5.9,112115
1969,1645,tt0117913,tt0117913,7.4,117397
1970,24420,tt0452694,tt0452694,7.1,130863
1971,9562,tt0300556,tt0300556,5.6,56992
1972,381,tt0048728,tt0048728,7.5,55206
1973,22584,tt0037382,tt0037382,7.9,27548
1974,37954,tt0042281,tt0042281,7.5,2099
1975,90027,tt0051687,tt0051687,6.4,436
1976,595,tt0056592,tt0056592,8.3,266719
1977,25934,tt0062376,tt0062376,7.7,13993
1978,86040,tt0117927,tt0117927,6.2,899
1979,40064,tt0075334,tt0075334,5.9,3040
1980,164479,tt0024674,tt0024674,6.5,412
1981,6619,tt0067445,tt0067445,7.5,16208
1982,37200,tt0054390,tt0054390,7.1,759
1983,128048,tt0046286,tt0046286,5.7,445
1984,2370,tt0065112,tt0065112,6.3,14958
1985,61563,tt0120357,tt0120357,5.7,2138
1986,100053,tt0057580,tt0057580,6.6,586
1987,119894,tt0849426,tt0849426,6.6,96
1988,10204,tt0327437,tt0327437,5.9,78050
1989,289901,tt0112323,tt0112323,5.0,136
1990,88558,tt0049871,tt0049871,7.2,1183
1991,627,tt0117951,tt0117951,8.2,580904
1992,43605,tt0025907,tt0025907,7.2,2098
1993,394671,tt0029356,tt0029356,6.7,70
1994,6646,tt0043067,tt0043067,7.0,5870
1995,23115,tt0047189,tt0047189,5.9,594
1996,153967,tt0047406,tt0047406,4.5,153
1997,135710,tt0167326,tt0167326,7.0,159
1998,34834,tt0067002,tt0067002,7.0,339
1999,22376,tt0069229,tt0069229,6.0,991
2000,207720,tt0084452,tt0084452,7.5,273
2002,26612,tt0100813,tt0100813,7.4,4256
2003,10874,tt0117110,tt0117110,7.0,18822
2004,128979,tt0248568,tt0248568,5.5,413
2005,9016,tt0133240,tt0133240,7.1,88454
2006,25043,tt0811011,tt0811011,2.2,933
2007,3090,tt0040897,tt0040897,8.2,99901
2008,3009,tt0057427,tt0057427,7.8,16867
2009,10843,tt0088680,tt0088680,7.7,48651
2010,20674,tt0099197,tt0099197,7.1,2447
2011,32674,tt0259649,tt0259649,4.1,16
2012,82731,tt0012752,tt0012752,7.0,733
2013,144919,tt0027099,tt0027099,5.9,263
2014,110603,tt0032028,tt0032028,5.9,434
2015,41609,tt0040876,tt0040876,7.2,5226
2016,147882,tt0044380,tt0044380,6.1,575
2017,67446,tt0046461,tt0046461,6.2,262
2018,420209,tt0049880,tt0049880,7.4,44
2019,2926,tt0072281,tt0072281,7.3,14080
2020,12310,tt0073012,tt0073012,7.1,8935
2021,41946,tt0098194,tt0098194,6.1,2897
2022,337077,tt0831399,tt0831399,7.6,72
2023,10057,tt0108333,tt0108333,6.4,46273
2024,11370,tt0246544,tt0246544,4.8,13524
2025,21385,tt0371823,tt0371823,6.4,6440
2026,519809,tt0341855,tt0341855,5.8,906
2027,23566,tt1484922,tt1484922,6.1,1814
2028,52451,tt1509767,tt1509767,5.8,97597
2029,11219,tt0048750,tt0048750,7.1,29736
2030,17529,tt0065126,tt0065126,7.5,38267
2031,17538,tt0073636,tt0073636,6.9,9590
2032,108807,tt0078422,tt0078422,6.3,166
2033,44264,tt1403865,tt1403865,7.6,279613
2034,16372,tt0055018,tt0055018,7.9,23185
2035,66568,tt0062445,tt0062445,7.6,1527
2036,86721,tt0052326,tt0052326,5.7,174
2037,8966,tt1099212,tt1099212,5.2,388643
2038,18239,tt1259571,tt1259571,4.7,245473
2039,24021,tt1325004,tt1325004,5.0,208587
2040,6883,tt0075359,tt0075359,6.1,2985
2041,39978,tt0087520,tt0087520,6.1,860
2042,46029,tt0118001,tt0118001,5.4,4970
2043,64508,tt0097292,tt0097292,6.5,914
2044,45599,tt0052325,tt0052325,6.0,977
2045,14696,tt0046478,tt0046478,8.2,17570
2046,20277,tt0061135,tt0061135,6.7,2909
2047,10644,tt0096332,tt0096332,7.4,30913
2048,5147,tt0063240,tt0063240,5.7,1450
2049,13850,tt0038969,tt0038969,7.3,9966
2050,27716,tt0071361,tt0071361,6.7,2188
2051,37319,tt0493201,tt0493201,4.8,251
2054,110840,tt0039934,tt0039934,6.6,69
2055,20723,tt0059793,tt0059793,6.7,4932
2056,20735,tt0120317,tt0120317,4.6,3686
2057,6643,tt0054428,tt0054428,6.7,6437
2058,36439,tt0048752,tt0048752,7.9,6566
2059,41205,tt0090215,tt0090215,7.4,2422
2060,72163,tt0037508,tt0037508,6.6,1574
2061,21242,tt0067921,tt0067921,6.9,2937
2062,3055,tt0062430,tt0062430,6.0,6501
2063,9945,tt0120877,tt0120877,6.1,48330
2064,10605,tt0272147,tt0272147,4.6,6538
2065,49597,tt0398378,tt0398378,3.4,1520
2066,4031,tt0072353,tt0072353,7.4,7229
2067,149515,tt0016480,tt0016480,6.9,273
2068,292174,tt0143973,tt0143973,6.0,14
2069,300400,tt0006210,tt0006210,5.9,7
2072,159336,tt0023652,tt0023652,5.7,217
2073,43888,tt0026104,tt0026104,6.0,721
2074,11632,tt0241025,tt0241025,6.2,19210
2075,37350,tt0048924,tt0048924,5.8,96
2076,43626,tt0092038,tt0092038,7.2,1055
2077,612,tt0408306,tt0408306,7.6,196701
2078,43384,tt0044186,tt0044186,6.0,1677
2079,27579,tt1440728,tt1440728,6.3,86147
2080,36633,tt0041788,tt0041788,6.4,472
2081,79761,tt0020030,tt0020030,7.5,1043
2082,43836,tt0031619,tt0031619,7.2,1320
2083,4199,tt0074853,tt0074853,6.8,2226
2084,9313,tt0120744,tt0120744,6.5,144163
2086,185467,tt0010844,tt0010844,6.5,294
2087,261750,tt0020810,tt0020810,5.6,51
2088,359661,tt0033220,tt0033220,7.1,67
2089,29140,tt0086543,tt0086543,7.3,6292
2090,200862,tt0033221,tt0033221,6.8,656
2091,42661,tt0052365,tt0052365,7.1,11064
2092,75938,tt0076845,tt0076845,6.8,2507
2093,173,tt0046672,tt0046672,7.2,25674
2094,56354,tt0065522,tt0065522,5.7,1187
2095,9570,tt0078869,tt0078869,5.9,20808
2096,79380,tt0498755,tt0498755,6.2,112
2097,2965,tt0118247,tt0118247,5.0,722
2099,97901,tt0004766,tt0004766,5.7,152
2100,417271,tt0014582,tt0014582,5.7,35
2101,42616,tt0020556,tt0020556,6.9,560
2102,121230,tt0039082,tt0039082,6.5,867
2103,179384,tt0164962,tt0164962,6.1,574
2104,30069,tt0090270,tt0090270,6.6,7077
2105,55370,tt0062457,tt0062457,7.0,1421
2106,11571,tt0052948,tt0052948,7.1,13744
2107,257001,tt0107279,tt0107279,3.1,670
2108,114146,tt0002113,tt0002113,6.9,690
2109,75641,tt0075406,tt0075406,6.5,2237
2110,204,tt0046268,tt0046268,8.1,47338
2111,107678,tt0052368,tt0052368,6.2,116
2112,38985,tt0076740,tt0076740,7.7,14399
2113,79746,tt0062355,tt0062355,5.0,287
2114,10229,tt0281358,tt0281358,7.4,185939
2115,36040,tt0067959,tt0067959,7.7,20355
2116,215175,tt0271873,tt0271873,5.5,91
2117,1651,tt0064990,tt0064990,7.1,5177
2118,2057,tt0218922,tt0218922,6.0,49988
2120,110836,tt0027182,tt0027182,5.4,14
2121,357876,tt0038237,tt0038237,6.3,38
2122,11706,tt0049934,tt0049934,6.8,8056
2123,29266,tt0063794,tt0063794,7.9,5379
2124,57212,tt1568911,tt1568911,7.2,134360
2125,249,tt0098621,tt0098621,6.8,43805
2126,8974,tt0046534,tt0046534,7.2,29100
2127,74,tt0407304,tt0407304,6.5,382329
2128,169230,tt0425638,tt0425638,2.9,945
2129,34812,tt0449040,tt0449040,3.3,2300
2130,16268,tt1183733,tt1183733,2.1,3797
2131,21970,tt0081738,tt0081738,6.4,4828
2132,55787,tt1067583,tt1067583,6.9,104800
2134,11837,tt0078480,tt0078480,7.7,30280
2135,42703,tt0062479,tt0062479,6.2,2078
2136,28752,tt0054777,tt0054777,6.8,4558
2137,42333,tt0073275,tt0073275,5.7,637
2138,345502,tt0025971,tt0025971,7.2,11
2139,110841,tt0038241,tt0038241,6.2,202
2140,156339,tt0023685,tt0023685,6.4,335
2141,18890,tt0108526,tt0108526,6.1,12236
2142,12159,tt0120889,tt0120889,7.0,94308
2143,940,tt0030341,tt0030341,7.9,42063
2144,4706,tt0079428,tt0079428,5.9,1984
2145,53801,tt0013750,tt0013750,8.0,882
2146,64851,tt0046387,tt0046387,6.6,643
2147,16380,tt0044207,tt0044207,6.7,6201
2148,11046,tt0065207,tt0065207,7.7,46818
2149,43049,tt0054469,tt0054469,6.7,2048
2150,59897,tt0088395,tt0088395,3.6,801
2151,26514,tt0072402,tt0072402,6.9,2717
2152,16523,tt0386117,tt0386117,6.8,95759
2153,55600,tt0039101,tt0039101,5.6,843
2154,123452,tt0030973,tt0030973,7.1,339
2155,47955,tt0084899,tt0084899,7.1,7665
2156,297152,tt0028501,tt0028501,6.1,35
2157,58061,tt0069536,tt0069536,6.2,565
2158,106145,tt0072436,tt0072436,5.3,124
2159,158013,tt0090318,tt0090318,4.0,61
2160,12227,tt0103247,tt0103247,6.7,17862
2161,43643,tt0111701,tt0111701,5.4,1900
2162,323072,tt0243657,tt0243657,5.7,40
2163,263830,tt0169601,tt0169601,7.2,49
2164,58019,tt0057312,tt0057312,6.6,486
2165,856,tt0096438,tt0096438,7.7,166073
2166,39295,tt0065230,tt0065230,5.7,902
2167,142946,tt0100931,tt0100931,6.1,899
2168,41667,tt0108565,tt0108565,5.7,1766
2169,1944,tt0348593,tt0348593,6.7,14591
2170,459346,tt0016534,tt0016534,6.6,34
2171,159296,tt0024774,tt0024774,6.1,18
2172,182254,tt0179533,tt0179533,6.7,62
2173,10839,tt0074695,tt0074695,7.5,23177
2174,44561,tt0097891,tt0097891,6.3,856
2175,13465,tt0041094,tt0041094,7.1,10626
2176,38782,tt0086590,tt0086590,7.8,1159
2177,75523,tt0094326,tt0094326,7.4,421
2178,59178,tt0192802,tt0192802,7.7,664
2179,47168,tt0118172,tt0118172,6.3,2780
2180,36602,tt0825347,tt0825347,6.5,653
2181,250480,tt0076363,tt0076363,7.6,29122
2182,14903,tt0119918,tt0119918,7.1,4390
2183,261339,tt0240219,tt0240219,7.0,977
2184,15655,tt0220099,tt0220099,6.3,15474
2185,13706,tt0324572,tt0324572,6.9,1550
2186,13691,tt0323642,tt0323642,6.1,5974
2187,16394,tt0384696,tt0384696,6.5,1452
2188,13682,tt0407121,tt0407121,6.4,5492
2189,14885,tt0457437,tt0457437,6.6,726
2190,51162,tt1449283,tt1449283,7.2,19175
2191,43457,tt0040971,tt0040971,7.0,867
2192,39013,tt1399683,tt1399683,7.2,126026
2193,358139,tt0086592,tt0086592,7.1,99
2194,42179,tt0080140,tt0080140,7.2,4448
2195,10166,tt0100944,tt0100944,6.8,30811
2196,6069,tt0094332,tt0094332,6.5,55600
2197,31965,tt0063285,tt0063285,6.9,7831
2198,107774,tt0069080,tt0069080,6.2,706
2199,46003,tt0466923,tt0466923,6.8,623
2200,46013,tt0902253,tt0902253,6.7,381
2201,113093,tt1349640,tt1349640,7.2,260
2202,39074,tt0092627,tt0092627,6.4,3957
2203,22267,tt0134154,tt0134154,6.8,12127
2204,419311,tt0240867,tt0240867,4.9,34
2205,10725,tt0083336,tt0083336,6.3,7928
2206,28666,tt0217894,tt0217894,7.1,562
2207,16182,tt0098672,tt0098672,7.3,4146
2208,65086,tt1596365,tt1596365,6.4,163658
2209,174727,tt0184033,tt0184033,7.6,53
2210,87907,tt0032366,tt0032366,6.3,364
2211,37300,tt0040974,tt0040974,6.6,1114
2212,44634,tt0399901,tt0399901,6.8,853
2213,66027,tt0066579,tt0066579,7.5,6209
2214,128578,tt0098674,tt0098674,7.7,948
2215,11004,tt0185014,tt0185014,7.4,58309
2216,470664,tt0000679,tt0000679,5.0,33
2217,74827,tt0004457,tt0004457,5.4,337
2218,56181,tt0004286,tt0004286,5.2,244
2219,62935,tt0004099,tt0004099,5.0,383
2220,62937,tt0024779,tt0024779,6.1,287
2221,630,tt0032138,tt0032138,8.0,346847
2222,53442,tt0059920,tt0059920,3.4,391
2223,126488,tt0065223,tt0065223,2.8,144
2224,4923,tt0070948,tt0070948,5.9,17444
2225,187542,tt0067280,tt0067280,6.2,432
2226,51560,tt0075030,tt0075030,6.3,120
2227,24961,tt0078504,tt0078504,5.3,12469
2228,222960,tt0084458,tt0084458,6.7,307
2229,13155,tt0089908,tt0089908,6.8,22079
2230,146499,tt0120733,tt0120733,5.7,263
2231,319784,tt0309176,tt0309176,6.2,77
2232,20910,tt0422778,tt0422778,5.4,2957
2234,11307,tt0084917,tt0084917,7.2,23199
2235,74436,tt0045339,tt0045339,7.1,1521
2236,19662,tt0058756,tt0058756,6.8,2933
2237,114618,tt0053455,tt0053455,6.8,2007
2238,62143,tt0061204,tt0061204,7.0,2901
2239,3084,tt0032145,tt0032145,7.7,14671
2240,98491,tt0066585,tt0066585,6.6,1562
2241,165569,tt0367245,tt0367245,4.4,953
2242,11474,tt0080120,tt0080120,7.7,84244
2243,37939,tt0057697,tt0057697,7.6,2623
2244,11541,tt0086617,tt0086617,7.2,17714
2245,38761,tt0069005,tt0069005,4.1,3742
2246,72160,tt0053457,tt0053457,6.6,816
2247,31417,tt0053459,tt0053459,7.8,21904
2248,20806,tt0049019,tt0049019,7.2,655
2249,667,tt0062512,tt0062512,6.9,86740
2250,87340,tt0160336,tt0160336,6.0,85
2251,112588,tt0080164,tt0080164,4.9,84
2252,237,tt0289635,tt0289635,6.5,12544
2253,198227,tt0021568,tt0021568,6.4,105
2254,34623,tt0043153,tt0043153,7.2,2547
2255,227878,tt0051219,tt0051219,5.4,218
2256,2546,tt0054494,tt0054494,7.0,4667
2257,10604,tt0057831,tt0057831,7.7,18389
